Plant,Model,Month,Sales
US Plant,K5,23-01,5701.0
US Plant,Sportage,23-01,6400.0
US Plant,Sorento,23-01,6795.0
US Plant,Telluride,23-01,9704.0
China Plant,Pegas,23-01,3320.0
China Plant,K2,23-01,0.0
China Plant,Cerato,23-01,0.0
China Plant,K3,23-01,588.0
China Plant,K3,23-01,623.0
China Plant,K4,23-01,0.0
China Plant,K5,23-01,191.0
China Plant,KX1,23-01,623.0
China Plant,KX3,23-01,1183.0
China Plant,Zhipao,23-01,1879.0
China Plant,EV5,23-01,0.0
China Plant,KX5,23-01,312.0
China Plant,KX7,23-01,0.0
China Plant,Carnival,23-01,38.0
Slovakia Plant,Ceed,23-01,8434.0
Slovakia Plant,Ceed CUV,23-01,5774.0
Slovakia Plant,Sportage,23-01,15308.0
Mexico Plant,Rio,23-01,9070.0
Mexico Plant,K3,23-01,14634.0
Mexico Plant,Accent,23-01,0.0
India Plant,Sonet,23-01,11593.0
India Plant,Seltos,23-01,13982.0
India Plant,Carens,23-01,8664.0
India Plant,Carnival,23-01,1003.0
US Plant,K5,23-01,0.0
US Plant,Sportage,23-01,0.0
US Plant,Sorento,23-01,0.0
US Plant,Telluride,23-01,0.0
US Plant,EV9,23-01,0.0
China Plants,Pegas,23-01,0.0
China Plants,K3,23-01,0.0
China Plants,K3,23-01,0.0
China Plants,K4,23-01,0.0
China Plants,K5,23-01,0.0
China Plants,KX1,23-01,0.0
China Plants,Sonet,23-01,0.0
China Plants,KX3,23-01,0.0
China Plants,Zhipao,23-01,0.0
China Plants,EV5,23-01,0.0
China Plants,KX5,23-01,0.0
China Plants,Carnival,23-01,0.0
Slovakia Plant,Ceed,23-01,0.0
Slovakia Plant,Ceed CUV,23-01,0.0
Slovakia Plant,Sportage,23-01,0.0
Mexico Plant,Rio,23-01,0.0
Mexico Plant,K3,23-01,0.0
Mexico Plant,K4,23-01,0.0
Mexico Plant,Tucson,23-01,0.0
India Plant,Sonet,23-01,0.0
India Plant,Seltos,23-01,0.0
India Plant,Carens,23-01,0.0
India Plant,Carnival,23-01,0.0
US Plant,K5,23-01,0.0
US Plant,Sportage,23-01,0.0
US Plant,Sorento,23-01,0.0
US Plant,Telluride,23-01,0.0
US Plant,EV6,23-01,0.0
US Plant,EV9,23-01,0.0
China Plants,Pegas,23-01,0.0
China Plants,K3,23-01,0.0
China Plants,K3,23-01,0.0
China Plants,K5,23-01,0.0
China Plants,KX1,23-01,0.0
China Plants,Sonet,23-01,0.0
China Plants,KX3,23-01,0.0
China Plants,Zhipao,23-01,0.0
China Plants,EV5,23-01,0.0
China Plants,KX5,23-01,0.0
China Plants,Carnival,23-01,0.0
Slovakia Plant,Ceed,23-01,0.0
Slovakia Plant,Ceed CUV,23-01,0.0
Slovakia Plant,Sportage,23-01,0.0
Mexico Plant,Rio,23-01,0.0
Mexico Plant,K3,23-01,0.0
Mexico Plant,K4,23-01,0.0
Mexico Plant,Tucson,23-01,0.0
India Plant,Syros,23-01,0.0
India Plant,Sonet,23-01,0.0
India Plant,Seltos,23-01,0.0
India Plant,Carens,23-01,0.0
India Plant,Carnival,23-01,0.0
US Plant,K5,23-02,6150.0
US Plant,Sportage,23-02,7950.0
US Plant,Sorento,23-02,5330.0
US Plant,Telluride,23-02,10400.0
China Plant,Pegas,23-02,3436.0
China Plant,K2,23-02,0.0
China Plant,Cerato,23-02,0.0
China Plant,K3,23-02,1897.0
China Plant,K3,23-02,954.0
China Plant,K4,23-02,0.0
China Plant,K5,23-02,139.0
China Plant,KX1,23-02,975.0
China Plant,KX3,23-02,760.0
China Plant,Zhipao,23-02,1366.0
China Plant,EV5,23-02,0.0
China Plant,KX5,23-02,351.0
China Plant,KX7,23-02,0.0
China Plant,Carnival,23-02,56.0
Slovakia Plant,Ceed,23-02,7605.0
Slovakia Plant,Ceed CUV,23-02,3829.0
Slovakia Plant,Sportage,23-02,18166.0
Mexico Plant,Rio,23-02,8789.0
Mexico Plant,K3,23-02,11417.0
Mexico Plant,Accent,23-02,0.0
India Plant,Sonet,23-02,12953.0
India Plant,Seltos,23-02,11563.0
India Plant,Carens,23-02,6986.0
India Plant,Carnival,23-02,504.0
US Plant,K5,23-02,0.0
US Plant,Sportage,23-02,0.0
US Plant,Sorento,23-02,0.0
US Plant,Telluride,23-02,0.0
US Plant,EV9,23-02,0.0
China Plants,Pegas,23-02,0.0
China Plants,K3,23-02,0.0
China Plants,K3,23-02,0.0
China Plants,K4,23-02,0.0
China Plants,K5,23-02,0.0
China Plants,KX1,23-02,0.0
China Plants,Sonet,23-02,0.0
China Plants,KX3,23-02,0.0
China Plants,Zhipao,23-02,0.0
China Plants,EV5,23-02,0.0
China Plants,KX5,23-02,0.0
China Plants,Carnival,23-02,0.0
Slovakia Plant,Ceed,23-02,0.0
Slovakia Plant,Ceed CUV,23-02,0.0
Slovakia Plant,Sportage,23-02,0.0
Mexico Plant,Rio,23-02,0.0
Mexico Plant,K3,23-02,0.0
Mexico Plant,K4,23-02,0.0
Mexico Plant,Tucson,23-02,0.0
India Plant,Sonet,23-02,0.0
India Plant,Seltos,23-02,0.0
India Plant,Carens,23-02,0.0
India Plant,Carnival,23-02,0.0
US Plant,K5,23-02,0.0
US Plant,Sportage,23-02,0.0
US Plant,Sorento,23-02,0.0
US Plant,Telluride,23-02,0.0
US Plant,EV6,23-02,0.0
US Plant,EV9,23-02,0.0
China Plants,Pegas,23-02,0.0
China Plants,K3,23-02,0.0
China Plants,K3,23-02,0.0
China Plants,K5,23-02,0.0
China Plants,KX1,23-02,0.0
China Plants,Sonet,23-02,0.0
China Plants,KX3,23-02,0.0
China Plants,Zhipao,23-02,0.0
China Plants,EV5,23-02,0.0
China Plants,KX5,23-02,0.0
China Plants,Carnival,23-02,0.0
Slovakia Plant,Ceed,23-02,0.0
Slovakia Plant,Ceed CUV,23-02,0.0
Slovakia Plant,Sportage,23-02,0.0
Mexico Plant,Rio,23-02,0.0
Mexico Plant,K3,23-02,0.0
Mexico Plant,K4,23-02,0.0
Mexico Plant,Tucson,23-02,0.0
India Plant,Syros,23-02,0.0
India Plant,Sonet,23-02,0.0
India Plant,Seltos,23-02,0.0
India Plant,Carens,23-02,0.0
India Plant,Carnival,23-02,0.0
US Plant,K5,23-03,6635.0
US Plant,Sportage,23-03,9129.0
US Plant,Sorento,23-03,5385.0
US Plant,Telluride,23-03,11851.0
China Plant,Pegas,23-03,3504.0
China Plant,K2,23-03,0.0
China Plant,Cerato,23-03,0.0
China Plant,K3,23-03,1935.0
China Plant,K3,23-03,613.0
China Plant,K4,23-03,0.0
China Plant,K5,23-03,152.0
China Plant,KX1,23-03,834.0
China Plant,KX3,23-03,807.0
China Plant,Zhipao,23-03,783.0
China Plant,EV5,23-03,0.0
China Plant,KX5,23-03,869.0
China Plant,KX7,23-03,0.0
China Plant,Carnival,23-03,97.0
Slovakia Plant,Ceed,23-03,8496.0
Slovakia Plant,Ceed CUV,23-03,4132.0
Slovakia Plant,Sportage,23-03,21572.0
Mexico Plant,Rio,23-03,8822.0
Mexico Plant,K3,23-03,11677.0
Mexico Plant,Accent,23-03,0.0
India Plant,Sonet,23-03,11040.0
India Plant,Seltos,23-03,9786.0
India Plant,Carens,23-03,6709.0
India Plant,Carnival,23-03,168.0
US Plant,K5,23-03,0.0
US Plant,Sportage,23-03,0.0
US Plant,Sorento,23-03,0.0
US Plant,Telluride,23-03,0.0
US Plant,EV9,23-03,0.0
China Plants,Pegas,23-03,0.0
China Plants,K3,23-03,0.0
China Plants,K3,23-03,0.0
China Plants,K4,23-03,0.0
China Plants,K5,23-03,0.0
China Plants,KX1,23-03,0.0
China Plants,Sonet,23-03,0.0
China Plants,KX3,23-03,0.0
China Plants,Zhipao,23-03,0.0
China Plants,EV5,23-03,0.0
China Plants,KX5,23-03,0.0
China Plants,Carnival,23-03,0.0
Slovakia Plant,Ceed,23-03,0.0
Slovakia Plant,Ceed CUV,23-03,0.0
Slovakia Plant,Sportage,23-03,0.0
Mexico Plant,Rio,23-03,0.0
Mexico Plant,K3,23-03,0.0
Mexico Plant,K4,23-03,0.0
Mexico Plant,Tucson,23-03,0.0
India Plant,Sonet,23-03,0.0
India Plant,Seltos,23-03,0.0
India Plant,Carens,23-03,0.0
India Plant,Carnival,23-03,0.0
US Plant,K5,23-03,0.0
US Plant,Sportage,23-03,0.0
US Plant,Sorento,23-03,0.0
US Plant,Telluride,23-03,0.0
US Plant,EV6,23-03,0.0
US Plant,EV9,23-03,0.0
China Plants,Pegas,23-03,0.0
China Plants,K3,23-03,0.0
China Plants,K3,23-03,0.0
China Plants,K5,23-03,0.0
China Plants,KX1,23-03,0.0
China Plants,Sonet,23-03,0.0
China Plants,KX3,23-03,0.0
China Plants,Zhipao,23-03,0.0
China Plants,EV5,23-03,0.0
China Plants,KX5,23-03,0.0
China Plants,Carnival,23-03,0.0
Slovakia Plant,Ceed,23-03,0.0
Slovakia Plant,Ceed CUV,23-03,0.0
Slovakia Plant,Sportage,23-03,0.0
Mexico Plant,Rio,23-03,0.0
Mexico Plant,K3,23-03,0.0
Mexico Plant,K4,23-03,0.0
Mexico Plant,Tucson,23-03,0.0
India Plant,Syros,23-03,0.0
India Plant,Sonet,23-03,0.0
India Plant,Seltos,23-03,0.0
India Plant,Carens,23-03,0.0
India Plant,Carnival,23-03,0.0
US Plant,K5,23-04,5652.0
US Plant,Sportage,23-04,7358.0
US Plant,Sorento,23-04,6184.0
US Plant,Telluride,23-04,10206.0
China Plant,Pegas,23-04,3465.0
China Plant,K2,23-04,0.0
China Plant,Cerato,23-04,0.0
China Plant,K3,23-04,2401.0
China Plant,K3,23-04,276.0
China Plant,K4,23-04,0.0
China Plant,K5,23-04,601.0
China Plant,KX1,23-04,515.0
China Plant,KX3,23-04,936.0
China Plant,Zhipao,23-04,539.0
China Plant,EV5,23-04,0.0
China Plant,KX5,23-04,960.0
China Plant,KX7,23-04,0.0
China Plant,Carnival,23-04,142.0
Slovakia Plant,Ceed,23-04,7763.0
Slovakia Plant,Ceed CUV,23-04,3221.0
Slovakia Plant,Sportage,23-04,15724.0
Mexico Plant,Rio,23-04,7793.0
Mexico Plant,K3,23-04,10719.0
Mexico Plant,Accent,23-04,0.0
India Plant,Sonet,23-04,13950.0
India Plant,Seltos,23-04,10077.0
India Plant,Carens,23-04,6822.0
India Plant,Carnival,23-04,0.0
US Plant,K5,23-04,0.0
US Plant,Sportage,23-04,0.0
US Plant,Sorento,23-04,0.0
US Plant,Telluride,23-04,0.0
US Plant,EV9,23-04,0.0
China Plants,Pegas,23-04,0.0
China Plants,K3,23-04,0.0
China Plants,K3,23-04,0.0
China Plants,K4,23-04,0.0
China Plants,K5,23-04,0.0
China Plants,KX1,23-04,0.0
China Plants,Sonet,23-04,0.0
China Plants,KX3,23-04,0.0
China Plants,Zhipao,23-04,0.0
China Plants,EV5,23-04,0.0
China Plants,KX5,23-04,0.0
China Plants,Carnival,23-04,0.0
Slovakia Plant,Ceed,23-04,0.0
Slovakia Plant,Ceed CUV,23-04,0.0
Slovakia Plant,Sportage,23-04,0.0
Mexico Plant,Rio,23-04,0.0
Mexico Plant,K3,23-04,0.0
Mexico Plant,K4,23-04,0.0
Mexico Plant,Tucson,23-04,0.0
India Plant,Sonet,23-04,0.0
India Plant,Seltos,23-04,0.0
India Plant,Carens,23-04,0.0
India Plant,Carnival,23-04,0.0
US Plant,K5,23-04,0.0
US Plant,Sportage,23-04,0.0
US Plant,Sorento,23-04,0.0
US Plant,Telluride,23-04,0.0
US Plant,EV6,23-04,0.0
US Plant,EV9,23-04,0.0
China Plants,Pegas,23-04,0.0
China Plants,K3,23-04,0.0
China Plants,K3,23-04,0.0
China Plants,K5,23-04,0.0
China Plants,KX1,23-04,0.0
China Plants,Sonet,23-04,0.0
China Plants,KX3,23-04,0.0
China Plants,Zhipao,23-04,0.0
China Plants,EV5,23-04,0.0
China Plants,KX5,23-04,0.0
China Plants,Carnival,23-04,0.0
Slovakia Plant,Ceed,23-04,0.0
Slovakia Plant,Ceed CUV,23-04,0.0
Slovakia Plant,Sportage,23-04,0.0
Mexico Plant,Rio,23-04,0.0
Mexico Plant,K3,23-04,0.0
Mexico Plant,K4,23-04,0.0
Mexico Plant,Tucson,23-04,0.0
India Plant,Syros,23-04,0.0
India Plant,Sonet,23-04,0.0
India Plant,Seltos,23-04,0.0
India Plant,Carens,23-04,0.0
India Plant,Carnival,23-04,0.0
US Plant,K5,23-05,6396.0
US Plant,Sportage,23-05,8424.0
US Plant,Sorento,23-05,7368.0
US Plant,Telluride,23-05,11212.0
China Plant,Pegas,23-05,3710.0
China Plant,K2,23-05,0.0
China Plant,Cerato,23-05,0.0
China Plant,K3,23-05,2353.0
China Plant,K3,23-05,384.0
China Plant,K4,23-05,0.0
China Plant,K5,23-05,277.0
China Plant,KX1,23-05,372.0
China Plant,KX3,23-05,731.0
China Plant,Zhipao,23-05,728.0
China Plant,EV5,23-05,0.0
China Plant,KX5,23-05,918.0
China Plant,KX7,23-05,0.0
China Plant,Carnival,23-05,140.0
Slovakia Plant,Ceed,23-05,9011.0
Slovakia Plant,Ceed CUV,23-05,3223.0
Slovakia Plant,Sportage,23-05,19675.0
Mexico Plant,Rio,23-05,8250.0
Mexico Plant,K3,23-05,13966.0
Mexico Plant,Accent,23-05,0.0
India Plant,Sonet,23-05,11132.0
India Plant,Seltos,23-05,6428.0
India Plant,Carens,23-05,7131.0
India Plant,Carnival,23-05,0.0
US Plant,K5,23-05,0.0
US Plant,Sportage,23-05,0.0
US Plant,Sorento,23-05,0.0
US Plant,Telluride,23-05,0.0
US Plant,EV9,23-05,0.0
China Plants,Pegas,23-05,0.0
China Plants,K3,23-05,0.0
China Plants,K3,23-05,0.0
China Plants,K4,23-05,0.0
China Plants,K5,23-05,0.0
China Plants,KX1,23-05,0.0
China Plants,Sonet,23-05,0.0
China Plants,KX3,23-05,0.0
China Plants,Zhipao,23-05,0.0
China Plants,EV5,23-05,0.0
China Plants,KX5,23-05,0.0
China Plants,Carnival,23-05,0.0
Slovakia Plant,Ceed,23-05,0.0
Slovakia Plant,Ceed CUV,23-05,0.0
Slovakia Plant,Sportage,23-05,0.0
Mexico Plant,Rio,23-05,0.0
Mexico Plant,K3,23-05,0.0
Mexico Plant,K4,23-05,0.0
Mexico Plant,Tucson,23-05,0.0
India Plant,Sonet,23-05,0.0
India Plant,Seltos,23-05,0.0
India Plant,Carens,23-05,0.0
India Plant,Carnival,23-05,0.0
US Plant,K5,23-05,0.0
US Plant,Sportage,23-05,0.0
US Plant,Sorento,23-05,0.0
US Plant,Telluride,23-05,0.0
US Plant,EV6,23-05,0.0
US Plant,EV9,23-05,0.0
China Plants,Pegas,23-05,0.0
China Plants,K3,23-05,0.0
China Plants,K3,23-05,0.0
China Plants,K5,23-05,0.0
China Plants,KX1,23-05,0.0
China Plants,Sonet,23-05,0.0
China Plants,KX3,23-05,0.0
China Plants,Zhipao,23-05,0.0
China Plants,EV5,23-05,0.0
China Plants,KX5,23-05,0.0
China Plants,Carnival,23-05,0.0
Slovakia Plant,Ceed,23-05,0.0
Slovakia Plant,Ceed CUV,23-05,0.0
Slovakia Plant,Sportage,23-05,0.0
Mexico Plant,Rio,23-05,0.0
Mexico Plant,K3,23-05,0.0
Mexico Plant,K4,23-05,0.0
Mexico Plant,Tucson,23-05,0.0
India Plant,Syros,23-05,0.0
India Plant,Sonet,23-05,0.0
India Plant,Seltos,23-05,0.0
India Plant,Carens,23-05,0.0
India Plant,Carnival,23-05,0.0
US Plant,K5,23-06,5050.0
US Plant,Sportage,23-06,6142.0
US Plant,Sorento,23-06,6416.0
US Plant,Telluride,23-06,8792.0
China Plant,Pegas,23-06,3548.0
China Plant,K2,23-06,0.0
China Plant,Cerato,23-06,0.0
China Plant,K3,23-06,2508.0
China Plant,K3,23-06,272.0
China Plant,K4,23-06,0.0
China Plant,K5,23-06,177.0
China Plant,KX1,23-06,923.0
China Plant,KX3,23-06,6278.0
China Plant,Zhipao,23-06,724.0
China Plant,EV5,23-06,0.0
China Plant,KX5,23-06,959.0
China Plant,KX7,23-06,0.0
China Plant,Carnival,23-06,175.0
Slovakia Plant,Ceed,23-06,8634.0
Slovakia Plant,Ceed CUV,23-06,4763.0
Slovakia Plant,Sportage,23-06,20143.0
Mexico Plant,Rio,23-06,8629.0
Mexico Plant,K3,23-06,14171.0
Mexico Plant,Accent,23-06,0.0
India Plant,Sonet,23-06,12888.0
India Plant,Seltos,23-06,6422.0
India Plant,Carens,23-06,8755.0
India Plant,Carnival,23-06,0.0
US Plant,K5,23-06,0.0
US Plant,Sportage,23-06,0.0
US Plant,Sorento,23-06,0.0
US Plant,Telluride,23-06,0.0
US Plant,EV9,23-06,0.0
China Plants,Pegas,23-06,0.0
China Plants,K3,23-06,0.0
China Plants,K3,23-06,0.0
China Plants,K4,23-06,0.0
China Plants,K5,23-06,0.0
China Plants,KX1,23-06,0.0
China Plants,Sonet,23-06,0.0
China Plants,KX3,23-06,0.0
China Plants,Zhipao,23-06,0.0
China Plants,EV5,23-06,0.0
China Plants,KX5,23-06,0.0
China Plants,Carnival,23-06,0.0
Slovakia Plant,Ceed,23-06,0.0
Slovakia Plant,Ceed CUV,23-06,0.0
Slovakia Plant,Sportage,23-06,0.0
Mexico Plant,Rio,23-06,0.0
Mexico Plant,K3,23-06,0.0
Mexico Plant,K4,23-06,0.0
Mexico Plant,Tucson,23-06,0.0
India Plant,Sonet,23-06,0.0
India Plant,Seltos,23-06,0.0
India Plant,Carens,23-06,0.0
India Plant,Carnival,23-06,0.0
US Plant,K5,23-06,0.0
US Plant,Sportage,23-06,0.0
US Plant,Sorento,23-06,0.0
US Plant,Telluride,23-06,0.0
US Plant,EV6,23-06,0.0
US Plant,EV9,23-06,0.0
China Plants,Pegas,23-06,0.0
China Plants,K3,23-06,0.0
China Plants,K3,23-06,0.0
China Plants,K5,23-06,0.0
China Plants,KX1,23-06,0.0
China Plants,Sonet,23-06,0.0
China Plants,KX3,23-06,0.0
China Plants,Zhipao,23-06,0.0
China Plants,EV5,23-06,0.0
China Plants,KX5,23-06,0.0
China Plants,Carnival,23-06,0.0
Slovakia Plant,Ceed,23-06,0.0
Slovakia Plant,Ceed CUV,23-06,0.0
Slovakia Plant,Sportage,23-06,0.0
Mexico Plant,Rio,23-06,0.0
Mexico Plant,K3,23-06,0.0
Mexico Plant,K4,23-06,0.0
Mexico Plant,Tucson,23-06,0.0
India Plant,Syros,23-06,0.0
India Plant,Sonet,23-06,0.0
India Plant,Seltos,23-06,0.0
India Plant,Carens,23-06,0.0
India Plant,Carnival,23-06,0.0
US Plant,K5,23-07,4771.0
US Plant,Sportage,23-07,5900.0
US Plant,Sorento,23-07,5513.0
US Plant,Telluride,23-07,8216.0
China Plant,Pegas,23-07,3572.0
China Plant,K2,23-07,0.0
China Plant,Cerato,23-07,0.0
China Plant,K3,23-07,1989.0
China Plant,K3,23-07,358.0
China Plant,K4,23-07,0.0
China Plant,K5,23-07,162.0
China Plant,KX1,23-07,621.0
China Plant,KX3,23-07,6994.0
China Plant,Zhipao,23-07,454.0
China Plant,EV5,23-07,0.0
China Plant,KX5,23-07,1353.0
China Plant,KX7,23-07,0.0
China Plant,Carnival,23-07,320.0
Slovakia Plant,Ceed,23-07,5532.0
Slovakia Plant,Ceed CUV,23-07,2900.0
Slovakia Plant,Sportage,23-07,13375.0
Mexico Plant,Rio,23-07,7348.0
Mexico Plant,K3,23-07,11865.0
Mexico Plant,Accent,23-07,0.0
India Plant,Sonet,23-07,8755.0
India Plant,Seltos,23-07,10828.0
India Plant,Carens,23-07,6823.0
India Plant,Carnival,23-07,0.0
US Plant,K5,23-07,0.0
US Plant,Sportage,23-07,0.0
US Plant,Sorento,23-07,0.0
US Plant,Telluride,23-07,0.0
US Plant,EV9,23-07,0.0
China Plants,Pegas,23-07,0.0
China Plants,K3,23-07,0.0
China Plants,K3,23-07,0.0
China Plants,K4,23-07,0.0
China Plants,K5,23-07,0.0
China Plants,KX1,23-07,0.0
China Plants,Sonet,23-07,0.0
China Plants,KX3,23-07,0.0
China Plants,Zhipao,23-07,0.0
China Plants,EV5,23-07,0.0
China Plants,KX5,23-07,0.0
China Plants,Carnival,23-07,0.0
Slovakia Plant,Ceed,23-07,0.0
Slovakia Plant,Ceed CUV,23-07,0.0
Slovakia Plant,Sportage,23-07,0.0
Mexico Plant,Rio,23-07,0.0
Mexico Plant,K3,23-07,0.0
Mexico Plant,K4,23-07,0.0
Mexico Plant,Tucson,23-07,0.0
India Plant,Sonet,23-07,0.0
India Plant,Seltos,23-07,0.0
India Plant,Carens,23-07,0.0
India Plant,Carnival,23-07,0.0
US Plant,K5,23-07,0.0
US Plant,Sportage,23-07,0.0
US Plant,Sorento,23-07,0.0
US Plant,Telluride,23-07,0.0
US Plant,EV6,23-07,0.0
US Plant,EV9,23-07,0.0
China Plants,Pegas,23-07,0.0
China Plants,K3,23-07,0.0
China Plants,K3,23-07,0.0
China Plants,K5,23-07,0.0
China Plants,KX1,23-07,0.0
China Plants,Sonet,23-07,0.0
China Plants,KX3,23-07,0.0
China Plants,Zhipao,23-07,0.0
China Plants,EV5,23-07,0.0
China Plants,KX5,23-07,0.0
China Plants,Carnival,23-07,0.0
Slovakia Plant,Ceed,23-07,0.0
Slovakia Plant,Ceed CUV,23-07,0.0
Slovakia Plant,Sportage,23-07,0.0
Mexico Plant,Rio,23-07,0.0
Mexico Plant,K3,23-07,0.0
Mexico Plant,K4,23-07,0.0
Mexico Plant,Tucson,23-07,0.0
India Plant,Syros,23-07,0.0
India Plant,Sonet,23-07,0.0
India Plant,Seltos,23-07,0.0
India Plant,Carens,23-07,0.0
India Plant,Carnival,23-07,0.0
US Plant,K5,23-08,6853.0
US Plant,Sportage,23-08,8450.0
US Plant,Sorento,23-08,7491.0
US Plant,Telluride,23-08,12313.0
China Plant,Pegas,23-08,5866.0
China Plant,K2,23-08,0.0
China Plant,Cerato,23-08,0.0
China Plant,K3,23-08,2391.0
China Plant,K3,23-08,412.0
China Plant,K4,23-08,0.0
China Plant,K5,23-08,160.0
China Plant,KX1,23-08,678.0
China Plant,KX3,23-08,4994.0
China Plant,Zhipao,23-08,550.0
China Plant,EV5,23-08,0.0
China Plant,KX5,23-08,1131.0
China Plant,KX7,23-08,0.0
China Plant,Carnival,23-08,221.0
Slovakia Plant,Ceed,23-08,6755.0
Slovakia Plant,Ceed CUV,23-08,3993.0
Slovakia Plant,Sportage,23-08,16856.0
Mexico Plant,Rio,23-08,8609.0
Mexico Plant,K3,23-08,15019.0
Mexico Plant,Accent,23-08,0.0
India Plant,Sonet,23-08,7994.0
India Plant,Seltos,23-08,11198.0
India Plant,Carens,23-08,5293.0
India Plant,Carnival,23-08,0.0
US Plant,K5,23-08,0.0
US Plant,Sportage,23-08,0.0
US Plant,Sorento,23-08,0.0
US Plant,Telluride,23-08,0.0
US Plant,EV9,23-08,0.0
China Plants,Pegas,23-08,0.0
China Plants,K3,23-08,0.0
China Plants,K3,23-08,0.0
China Plants,K4,23-08,0.0
China Plants,K5,23-08,0.0
China Plants,KX1,23-08,0.0
China Plants,Sonet,23-08,0.0
China Plants,KX3,23-08,0.0
China Plants,Zhipao,23-08,0.0
China Plants,EV5,23-08,0.0
China Plants,KX5,23-08,0.0
China Plants,Carnival,23-08,0.0
Slovakia Plant,Ceed,23-08,0.0
Slovakia Plant,Ceed CUV,23-08,0.0
Slovakia Plant,Sportage,23-08,0.0
Mexico Plant,Rio,23-08,0.0
Mexico Plant,K3,23-08,0.0
Mexico Plant,K4,23-08,0.0
Mexico Plant,Tucson,23-08,0.0
India Plant,Sonet,23-08,0.0
India Plant,Seltos,23-08,0.0
India Plant,Carens,23-08,0.0
India Plant,Carnival,23-08,0.0
US Plant,K5,23-08,0.0
US Plant,Sportage,23-08,0.0
US Plant,Sorento,23-08,0.0
US Plant,Telluride,23-08,0.0
US Plant,EV6,23-08,0.0
US Plant,EV9,23-08,0.0
China Plants,Pegas,23-08,0.0
China Plants,K3,23-08,0.0
China Plants,K3,23-08,0.0
China Plants,K5,23-08,0.0
China Plants,KX1,23-08,0.0
China Plants,Sonet,23-08,0.0
China Plants,KX3,23-08,0.0
China Plants,Zhipao,23-08,0.0
China Plants,EV5,23-08,0.0
China Plants,KX5,23-08,0.0
China Plants,Carnival,23-08,0.0
Slovakia Plant,Ceed,23-08,0.0
Slovakia Plant,Ceed CUV,23-08,0.0
Slovakia Plant,Sportage,23-08,0.0
Mexico Plant,Rio,23-08,0.0
Mexico Plant,K3,23-08,0.0
Mexico Plant,K4,23-08,0.0
Mexico Plant,Tucson,23-08,0.0
India Plant,Syros,23-08,0.0
India Plant,Sonet,23-08,0.0
India Plant,Seltos,23-08,0.0
India Plant,Carens,23-08,0.0
India Plant,Carnival,23-08,0.0
US Plant,K5,23-09,6150.0
US Plant,Sportage,23-09,7350.0
US Plant,Sorento,23-09,6602.0
US Plant,Telluride,23-09,10698.0
China Plant,Pegas,23-09,7042.0
China Plant,K2,23-09,0.0
China Plant,Cerato,23-09,0.0
China Plant,K3,23-09,2437.0
China Plant,K3,23-09,580.0
China Plant,K4,23-09,0.0
China Plant,K5,23-09,154.0
China Plant,KX1,23-09,890.0
China Plant,KX3,23-09,2794.0
China Plant,Zhipao,23-09,612.0
China Plant,EV5,23-09,0.0
China Plant,KX5,23-09,1774.0
China Plant,KX7,23-09,0.0
China Plant,Carnival,23-09,291.0
Slovakia Plant,Ceed,23-09,7488.0
Slovakia Plant,Ceed CUV,23-09,3749.0
Slovakia Plant,Sportage,23-09,17363.0
Mexico Plant,Rio,23-09,8678.0
Mexico Plant,K3,23-09,14524.0
Mexico Plant,Accent,23-09,0.0
India Plant,Sonet,23-09,9093.0
India Plant,Seltos,23-09,10999.0
India Plant,Carens,23-09,4789.0
India Plant,Carnival,23-09,0.0
US Plant,K5,23-09,0.0
US Plant,Sportage,23-09,0.0
US Plant,Sorento,23-09,0.0
US Plant,Telluride,23-09,0.0
US Plant,EV9,23-09,0.0
China Plants,Pegas,23-09,0.0
China Plants,K3,23-09,0.0
China Plants,K3,23-09,0.0
China Plants,K4,23-09,0.0
China Plants,K5,23-09,0.0
China Plants,KX1,23-09,0.0
China Plants,Sonet,23-09,0.0
China Plants,KX3,23-09,0.0
China Plants,Zhipao,23-09,0.0
China Plants,EV5,23-09,0.0
China Plants,KX5,23-09,0.0
China Plants,Carnival,23-09,0.0
Slovakia Plant,Ceed,23-09,0.0
Slovakia Plant,Ceed CUV,23-09,0.0
Slovakia Plant,Sportage,23-09,0.0
Mexico Plant,Rio,23-09,0.0
Mexico Plant,K3,23-09,0.0
Mexico Plant,K4,23-09,0.0
Mexico Plant,Tucson,23-09,0.0
India Plant,Sonet,23-09,0.0
India Plant,Seltos,23-09,0.0
India Plant,Carens,23-09,0.0
India Plant,Carnival,23-09,0.0
US Plant,K5,23-09,0.0
US Plant,Sportage,23-09,0.0
US Plant,Sorento,23-09,0.0
US Plant,Telluride,23-09,0.0
US Plant,EV6,23-09,0.0
US Plant,EV9,23-09,0.0
China Plants,Pegas,23-09,0.0
China Plants,K3,23-09,0.0
China Plants,K3,23-09,0.0
China Plants,K5,23-09,0.0
China Plants,KX1,23-09,0.0
China Plants,Sonet,23-09,0.0
China Plants,KX3,23-09,0.0
China Plants,Zhipao,23-09,0.0
China Plants,EV5,23-09,0.0
China Plants,KX5,23-09,0.0
China Plants,Carnival,23-09,0.0
Slovakia Plant,Ceed,23-09,0.0
Slovakia Plant,Ceed CUV,23-09,0.0
Slovakia Plant,Sportage,23-09,0.0
Mexico Plant,Rio,23-09,0.0
Mexico Plant,K3,23-09,0.0
Mexico Plant,K4,23-09,0.0
Mexico Plant,Tucson,23-09,0.0
India Plant,Syros,23-09,0.0
India Plant,Sonet,23-09,0.0
India Plant,Seltos,23-09,0.0
India Plant,Carens,23-09,0.0
India Plant,Carnival,23-09,0.0
US Plant,K5,23-10,6550.0
US Plant,Sportage,23-10,8150.0
US Plant,Sorento,23-10,7097.0
US Plant,Telluride,23-10,11903.0
China Plant,Pegas,23-10,4121.0
China Plant,K2,23-10,0.0
China Plant,Cerato,23-10,0.0
China Plant,K3,23-10,2582.0
China Plant,K3,23-10,364.0
China Plant,K4,23-10,0.0
China Plant,K5,23-10,180.0
China Plant,KX1,23-10,1158.0
China Plant,KX3,23-10,6526.0
China Plant,Zhipao,23-10,544.0
China Plant,EV5,23-10,21.0
China Plant,KX5,23-10,1392.0
China Plant,KX7,23-10,0.0
China Plant,Carnival,23-10,235.0
Slovakia Plant,Ceed,23-10,8995.0
Slovakia Plant,Ceed CUV,23-10,4292.0
Slovakia Plant,Sportage,23-10,19715.0
Mexico Plant,Rio,23-10,7402.0
Mexico Plant,K3,23-10,14675.0
Mexico Plant,Accent,23-10,0.0
India Plant,Sonet,23-10,8889.0
India Plant,Seltos,23-10,12589.0
India Plant,Carens,23-10,6088.0
India Plant,Carnival,23-10,0.0
US Plant,K5,23-10,0.0
US Plant,Sportage,23-10,0.0
US Plant,Sorento,23-10,0.0
US Plant,Telluride,23-10,0.0
US Plant,EV9,23-10,0.0
China Plants,Pegas,23-10,0.0
China Plants,K3,23-10,0.0
China Plants,K3,23-10,0.0
China Plants,K4,23-10,0.0
China Plants,K5,23-10,0.0
China Plants,KX1,23-10,0.0
China Plants,Sonet,23-10,0.0
China Plants,KX3,23-10,0.0
China Plants,Zhipao,23-10,0.0
China Plants,EV5,23-10,0.0
China Plants,KX5,23-10,0.0
China Plants,Carnival,23-10,0.0
Slovakia Plant,Ceed,23-10,0.0
Slovakia Plant,Ceed CUV,23-10,0.0
Slovakia Plant,Sportage,23-10,0.0
Mexico Plant,Rio,23-10,0.0
Mexico Plant,K3,23-10,0.0
Mexico Plant,K4,23-10,0.0
Mexico Plant,Tucson,23-10,0.0
India Plant,Sonet,23-10,0.0
India Plant,Seltos,23-10,0.0
India Plant,Carens,23-10,0.0
India Plant,Carnival,23-10,0.0
US Plant,K5,23-10,0.0
US Plant,Sportage,23-10,0.0
US Plant,Sorento,23-10,0.0
US Plant,Telluride,23-10,0.0
US Plant,EV6,23-10,0.0
US Plant,EV9,23-10,0.0
China Plants,Pegas,23-10,0.0
China Plants,K3,23-10,0.0
China Plants,K3,23-10,0.0
China Plants,K5,23-10,0.0
China Plants,KX1,23-10,0.0
China Plants,Sonet,23-10,0.0
China Plants,KX3,23-10,0.0
China Plants,Zhipao,23-10,0.0
China Plants,EV5,23-10,0.0
China Plants,KX5,23-10,0.0
China Plants,Carnival,23-10,0.0
Slovakia Plant,Ceed,23-10,0.0
Slovakia Plant,Ceed CUV,23-10,0.0
Slovakia Plant,Sportage,23-10,0.0
Mexico Plant,Rio,23-10,0.0
Mexico Plant,K3,23-10,0.0
Mexico Plant,K4,23-10,0.0
Mexico Plant,Tucson,23-10,0.0
India Plant,Syros,23-10,0.0
India Plant,Sonet,23-10,0.0
India Plant,Seltos,23-10,0.0
India Plant,Carens,23-10,0.0
India Plant,Carnival,23-10,0.0
US Plant,K5,23-11,5900.0
US Plant,Sportage,23-11,7600.0
US Plant,Sorento,23-11,6100.0
US Plant,Telluride,23-11,10300.0
China Plant,Pegas,23-11,5645.0
China Plant,K2,23-11,0.0
China Plant,Cerato,23-11,0.0
China Plant,K3,23-11,2262.0
China Plant,K3,23-11,501.0
China Plant,K4,23-11,0.0
China Plant,K5,23-11,88.0
China Plant,KX1,23-11,971.0
China Plant,KX3,23-11,6381.0
China Plant,Zhipao,23-11,339.0
China Plant,EV5,23-11,352.0
China Plant,KX5,23-11,1544.0
China Plant,KX7,23-11,0.0
China Plant,Carnival,23-11,141.0
Slovakia Plant,Ceed,23-11,7765.0
Slovakia Plant,Ceed CUV,23-11,3950.0
Slovakia Plant,Sportage,23-11,18685.0
Mexico Plant,Rio,23-11,7715.0
Mexico Plant,K3,23-11,12785.0
Mexico Plant,Accent,23-11,0.0
India Plant,Sonet,23-11,8367.0
India Plant,Seltos,23-11,12568.0
India Plant,Carens,23-11,5205.0
India Plant,Carnival,23-11,0.0
US Plant,K5,23-11,0.0
US Plant,Sportage,23-11,0.0
US Plant,Sorento,23-11,0.0
US Plant,Telluride,23-11,0.0
US Plant,EV9,23-11,0.0
China Plants,Pegas,23-11,0.0
China Plants,K3,23-11,0.0
China Plants,K3,23-11,0.0
China Plants,K4,23-11,0.0
China Plants,K5,23-11,0.0
China Plants,KX1,23-11,0.0
China Plants,Sonet,23-11,0.0
China Plants,KX3,23-11,0.0
China Plants,Zhipao,23-11,0.0
China Plants,EV5,23-11,0.0
China Plants,KX5,23-11,0.0
China Plants,Carnival,23-11,0.0
Slovakia Plant,Ceed,23-11,0.0
Slovakia Plant,Ceed CUV,23-11,0.0
Slovakia Plant,Sportage,23-11,0.0
Mexico Plant,Rio,23-11,0.0
Mexico Plant,K3,23-11,0.0
Mexico Plant,K4,23-11,0.0
Mexico Plant,Tucson,23-11,0.0
India Plant,Sonet,23-11,0.0
India Plant,Seltos,23-11,0.0
India Plant,Carens,23-11,0.0
India Plant,Carnival,23-11,0.0
US Plant,K5,23-11,0.0
US Plant,Sportage,23-11,0.0
US Plant,Sorento,23-11,0.0
US Plant,Telluride,23-11,0.0
US Plant,EV6,23-11,0.0
US Plant,EV9,23-11,0.0
China Plants,Pegas,23-11,0.0
China Plants,K3,23-11,0.0
China Plants,K3,23-11,0.0
China Plants,K5,23-11,0.0
China Plants,KX1,23-11,0.0
China Plants,Sonet,23-11,0.0
China Plants,KX3,23-11,0.0
China Plants,Zhipao,23-11,0.0
China Plants,EV5,23-11,0.0
China Plants,KX5,23-11,0.0
China Plants,Carnival,23-11,0.0
Slovakia Plant,Ceed,23-11,0.0
Slovakia Plant,Ceed CUV,23-11,0.0
Slovakia Plant,Sportage,23-11,0.0
Mexico Plant,Rio,23-11,0.0
Mexico Plant,K3,23-11,0.0
Mexico Plant,K4,23-11,0.0
Mexico Plant,Tucson,23-11,0.0
India Plant,Syros,23-11,0.0
India Plant,Sonet,23-11,0.0
India Plant,Seltos,23-11,0.0
India Plant,Carens,23-11,0.0
India Plant,Carnival,23-11,0.0
US Plant,K5,23-12,3445.0
US Plant,Sportage,23-12,6150.0
US Plant,Sorento,23-12,4825.0
US Plant,Telluride,23-12,7850.0
China Plant,Pegas,23-12,4495.0
China Plant,K2,23-12,0.0
China Plant,Cerato,23-12,0.0
China Plant,K3,23-12,1986.0
China Plant,K3,23-12,1704.0
China Plant,K4,23-12,0.0
China Plant,K5,23-12,129.0
China Plant,KX1,23-12,820.0
China Plant,KX3,23-12,6835.0
China Plant,Zhipao,23-12,407.0
China Plant,EV5,23-12,1096.0
China Plant,KX5,23-12,1187.0
China Plant,KX7,23-12,0.0
China Plant,Carnival,23-12,123.0
Slovakia Plant,Ceed,23-12,5899.0
Slovakia Plant,Ceed CUV,23-12,2948.0
Slovakia Plant,Sportage,23-12,14553.0
Mexico Plant,Rio,23-12,6729.0
Mexico Plant,K3,23-12,8711.0
Mexico Plant,Accent,23-12,0.0
India Plant,Sonet,23-12,978.0
India Plant,Seltos,23-12,10268.0
India Plant,Carens,23-12,3070.0
India Plant,Carnival,23-12,0.0
US Plant,K5,23-12,0.0
US Plant,Sportage,23-12,0.0
US Plant,Sorento,23-12,0.0
US Plant,Telluride,23-12,0.0
US Plant,EV9,23-12,0.0
China Plants,Pegas,23-12,0.0
China Plants,K3,23-12,0.0
China Plants,K3,23-12,0.0
China Plants,K4,23-12,0.0
China Plants,K5,23-12,0.0
China Plants,KX1,23-12,0.0
China Plants,Sonet,23-12,0.0
China Plants,KX3,23-12,0.0
China Plants,Zhipao,23-12,0.0
China Plants,EV5,23-12,0.0
China Plants,KX5,23-12,0.0
China Plants,Carnival,23-12,0.0
Slovakia Plant,Ceed,23-12,0.0
Slovakia Plant,Ceed CUV,23-12,0.0
Slovakia Plant,Sportage,23-12,0.0
Mexico Plant,Rio,23-12,0.0
Mexico Plant,K3,23-12,0.0
Mexico Plant,K4,23-12,0.0
Mexico Plant,Tucson,23-12,0.0
India Plant,Sonet,23-12,0.0
India Plant,Seltos,23-12,0.0
India Plant,Carens,23-12,0.0
India Plant,Carnival,23-12,0.0
US Plant,K5,23-12,0.0
US Plant,Sportage,23-12,0.0
US Plant,Sorento,23-12,0.0
US Plant,Telluride,23-12,0.0
US Plant,EV6,23-12,0.0
US Plant,EV9,23-12,0.0
China Plants,Pegas,23-12,0.0
China Plants,K3,23-12,0.0
China Plants,K3,23-12,0.0
China Plants,K5,23-12,0.0
China Plants,KX1,23-12,0.0
China Plants,Sonet,23-12,0.0
China Plants,KX3,23-12,0.0
China Plants,Zhipao,23-12,0.0
China Plants,EV5,23-12,0.0
China Plants,KX5,23-12,0.0
China Plants,Carnival,23-12,0.0
Slovakia Plant,Ceed,23-12,0.0
Slovakia Plant,Ceed CUV,23-12,0.0
Slovakia Plant,Sportage,23-12,0.0
Mexico Plant,Rio,23-12,0.0
Mexico Plant,K3,23-12,0.0
Mexico Plant,K4,23-12,0.0
Mexico Plant,Tucson,23-12,0.0
India Plant,Syros,23-12,0.0
India Plant,Sonet,23-12,0.0
India Plant,Seltos,23-12,0.0
India Plant,Carens,23-12,0.0
India Plant,Carnival,23-12,0.0
US Plant,K5,24-01,0.0
US Plant,Sportage,24-01,0.0
US Plant,Sorento,24-01,0.0
US Plant,Telluride,24-01,0.0
China Plant,Pegas,24-01,0.0
China Plant,K2,24-01,0.0
China Plant,Cerato,24-01,0.0
China Plant,K3,24-01,0.0
China Plant,K3,24-01,0.0
China Plant,K4,24-01,0.0
China Plant,K5,24-01,0.0
China Plant,KX1,24-01,0.0
China Plant,KX3,24-01,0.0
China Plant,Zhipao,24-01,0.0
China Plant,EV5,24-01,0.0
China Plant,KX5,24-01,0.0
China Plant,KX7,24-01,0.0
China Plant,Carnival,24-01,0.0
Slovakia Plant,Ceed,24-01,0.0
Slovakia Plant,Ceed CUV,24-01,0.0
Slovakia Plant,Sportage,24-01,0.0
Mexico Plant,Rio,24-01,0.0
Mexico Plant,K3,24-01,0.0
Mexico Plant,Accent,24-01,0.0
India Plant,Sonet,24-01,0.0
India Plant,Seltos,24-01,0.0
India Plant,Carens,24-01,0.0
India Plant,Carnival,24-01,0.0
US Plant,K5,24-01,1286.0
US Plant,Sportage,24-01,8100.0
US Plant,Sorento,24-01,6442.0
US Plant,Telluride,24-01,9172.0
US Plant,EV9,24-01,0.0
China Plants,Pegas,24-01,5120.0
China Plants,K3,24-01,2227.0
China Plants,K3,24-01,138.0
China Plants,K4,24-01,0.0
China Plants,K5,24-01,92.0
China Plants,KX1,24-01,396.0
China Plants,Sonet,24-01,910.0
China Plants,KX3,24-01,4596.0
China Plants,Zhipao,24-01,490.0
China Plants,EV5,24-01,763.0
China Plants,KX5,24-01,1446.0
China Plants,Carnival,24-01,144.0
Slovakia Plant,Ceed,24-01,9009.0
Slovakia Plant,Ceed CUV,24-01,4032.0
Slovakia Plant,Sportage,24-01,20059.0
Mexico Plant,Rio,24-01,15.0
Mexico Plant,K3,24-01,19585.0
Mexico Plant,K4,24-01,0.0
Mexico Plant,Tucson,24-01,0.0
India Plant,Sonet,24-01,11843.0
India Plant,Seltos,24-01,6695.0
India Plant,Carens,24-01,6536.0
India Plant,Carnival,24-01,0.0
US Plant,K5,24-01,0.0
US Plant,Sportage,24-01,0.0
US Plant,Sorento,24-01,0.0
US Plant,Telluride,24-01,0.0
US Plant,EV6,24-01,0.0
US Plant,EV9,24-01,0.0
China Plants,Pegas,24-01,0.0
China Plants,K3,24-01,0.0
China Plants,K3,24-01,0.0
China Plants,K5,24-01,0.0
China Plants,KX1,24-01,0.0
China Plants,Sonet,24-01,0.0
China Plants,KX3,24-01,0.0
China Plants,Zhipao,24-01,0.0
China Plants,EV5,24-01,0.0
China Plants,KX5,24-01,0.0
China Plants,Carnival,24-01,0.0
Slovakia Plant,Ceed,24-01,0.0
Slovakia Plant,Ceed CUV,24-01,0.0
Slovakia Plant,Sportage,24-01,0.0
Mexico Plant,Rio,24-01,0.0
Mexico Plant,K3,24-01,0.0
Mexico Plant,K4,24-01,0.0
Mexico Plant,Tucson,24-01,0.0
India Plant,Syros,24-01,0.0
India Plant,Sonet,24-01,0.0
India Plant,Seltos,24-01,0.0
India Plant,Carens,24-01,0.0
India Plant,Carnival,24-01,0.0
US Plant,K5,24-02,0.0
US Plant,Sportage,24-02,0.0
US Plant,Sorento,24-02,0.0
US Plant,Telluride,24-02,0.0
China Plant,Pegas,24-02,0.0
China Plant,K2,24-02,0.0
China Plant,Cerato,24-02,0.0
China Plant,K3,24-02,0.0
China Plant,K3,24-02,0.0
China Plant,K4,24-02,0.0
China Plant,K5,24-02,0.0
China Plant,KX1,24-02,0.0
China Plant,KX3,24-02,0.0
China Plant,Zhipao,24-02,0.0
China Plant,EV5,24-02,0.0
China Plant,KX5,24-02,0.0
China Plant,KX7,24-02,0.0
China Plant,Carnival,24-02,0.0
Slovakia Plant,Ceed,24-02,0.0
Slovakia Plant,Ceed CUV,24-02,0.0
Slovakia Plant,Sportage,24-02,0.0
Mexico Plant,Rio,24-02,0.0
Mexico Plant,K3,24-02,0.0
Mexico Plant,Accent,24-02,0.0
India Plant,Sonet,24-02,0.0
India Plant,Seltos,24-02,0.0
India Plant,Carens,24-02,0.0
India Plant,Carnival,24-02,0.0
US Plant,K5,24-02,30.0
US Plant,Sportage,24-02,9920.0
US Plant,Sorento,24-02,9849.0
US Plant,Telluride,24-02,10901.0
US Plant,EV9,24-02,0.0
China Plants,Pegas,24-02,3607.0
China Plants,K3,24-02,1780.0
China Plants,K3,24-02,758.0
China Plants,K4,24-02,0.0
China Plants,K5,24-02,59.0
China Plants,KX1,24-02,377.0
China Plants,Sonet,24-02,3212.0
China Plants,KX3,24-02,3794.0
China Plants,Zhipao,24-02,298.0
China Plants,EV5,24-02,165.0
China Plants,KX5,24-02,938.0
China Plants,Carnival,24-02,62.0
Slovakia Plant,Ceed,24-02,8481.0
Slovakia Plant,Ceed CUV,24-02,3668.0
Slovakia Plant,Sportage,24-02,19558.0
Mexico Plant,Rio,24-02,72.0
Mexico Plant,K3,24-02,19778.0
Mexico Plant,K4,24-02,0.0
Mexico Plant,Tucson,24-02,0.0
India Plant,Sonet,24-02,9240.0
India Plant,Seltos,24-02,6825.0
India Plant,Carens,24-02,5440.0
India Plant,Carnival,24-02,0.0
US Plant,K5,24-02,0.0
US Plant,Sportage,24-02,0.0
US Plant,Sorento,24-02,0.0
US Plant,Telluride,24-02,0.0
US Plant,EV6,24-02,0.0
US Plant,EV9,24-02,0.0
China Plants,Pegas,24-02,0.0
China Plants,K3,24-02,0.0
China Plants,K3,24-02,0.0
China Plants,K5,24-02,0.0
China Plants,KX1,24-02,0.0
China Plants,Sonet,24-02,0.0
China Plants,KX3,24-02,0.0
China Plants,Zhipao,24-02,0.0
China Plants,EV5,24-02,0.0
China Plants,KX5,24-02,0.0
China Plants,Carnival,24-02,0.0
Slovakia Plant,Ceed,24-02,0.0
Slovakia Plant,Ceed CUV,24-02,0.0
Slovakia Plant,Sportage,24-02,0.0
Mexico Plant,Rio,24-02,0.0
Mexico Plant,K3,24-02,0.0
Mexico Plant,K4,24-02,0.0
Mexico Plant,Tucson,24-02,0.0
India Plant,Syros,24-02,0.0
India Plant,Sonet,24-02,0.0
India Plant,Seltos,24-02,0.0
India Plant,Carens,24-02,0.0
India Plant,Carnival,24-02,0.0
US Plant,K5,24-03,0.0
US Plant,Sportage,24-03,0.0
US Plant,Sorento,24-03,0.0
US Plant,Telluride,24-03,0.0
China Plant,Pegas,24-03,0.0
China Plant,K2,24-03,0.0
China Plant,Cerato,24-03,0.0
China Plant,K3,24-03,0.0
China Plant,K3,24-03,0.0
China Plant,K4,24-03,0.0
China Plant,K5,24-03,0.0
China Plant,KX1,24-03,0.0
China Plant,KX3,24-03,0.0
China Plant,Zhipao,24-03,0.0
China Plant,EV5,24-03,0.0
China Plant,KX5,24-03,0.0
China Plant,KX7,24-03,0.0
China Plant,Carnival,24-03,0.0
Slovakia Plant,Ceed,24-03,0.0
Slovakia Plant,Ceed CUV,24-03,0.0
Slovakia Plant,Sportage,24-03,0.0
Mexico Plant,Rio,24-03,0.0
Mexico Plant,K3,24-03,0.0
Mexico Plant,Accent,24-03,0.0
India Plant,Sonet,24-03,0.0
India Plant,Seltos,24-03,0.0
India Plant,Carens,24-03,0.0
India Plant,Carnival,24-03,0.0
US Plant,K5,24-03,4.0
US Plant,Sportage,24-03,9546.0
US Plant,Sorento,24-03,10049.0
US Plant,Telluride,24-03,10401.0
US Plant,EV9,24-03,0.0
China Plants,Pegas,24-03,3340.0
China Plants,K3,24-03,3438.0
China Plants,K3,24-03,979.0
China Plants,K4,24-03,0.0
China Plants,K5,24-03,149.0
China Plants,KX1,24-03,470.0
China Plants,Sonet,24-03,4372.0
China Plants,KX3,24-03,4298.0
China Plants,Zhipao,24-03,230.0
China Plants,EV5,24-03,323.0
China Plants,KX5,24-03,927.0
China Plants,Carnival,24-03,139.0
Slovakia Plant,Ceed,24-03,8289.0
Slovakia Plant,Ceed CUV,24-03,3080.0
Slovakia Plant,Sportage,24-03,18931.0
Mexico Plant,Rio,24-03,0.0
Mexico Plant,K3,24-03,19796.0
Mexico Plant,K4,24-03,0.0
Mexico Plant,Tucson,24-03,0.0
India Plant,Sonet,24-03,8829.0
India Plant,Seltos,24-03,8568.0
India Plant,Carens,24-03,5704.0
India Plant,Carnival,24-03,0.0
US Plant,K5,24-03,0.0
US Plant,Sportage,24-03,0.0
US Plant,Sorento,24-03,0.0
US Plant,Telluride,24-03,0.0
US Plant,EV6,24-03,0.0
US Plant,EV9,24-03,0.0
China Plants,Pegas,24-03,0.0
China Plants,K3,24-03,0.0
China Plants,K3,24-03,0.0
China Plants,K5,24-03,0.0
China Plants,KX1,24-03,0.0
China Plants,Sonet,24-03,0.0
China Plants,KX3,24-03,0.0
China Plants,Zhipao,24-03,0.0
China Plants,EV5,24-03,0.0
China Plants,KX5,24-03,0.0
China Plants,Carnival,24-03,0.0
Slovakia Plant,Ceed,24-03,0.0
Slovakia Plant,Ceed CUV,24-03,0.0
Slovakia Plant,Sportage,24-03,0.0
Mexico Plant,Rio,24-03,0.0
Mexico Plant,K3,24-03,0.0
Mexico Plant,K4,24-03,0.0
Mexico Plant,Tucson,24-03,0.0
India Plant,Syros,24-03,0.0
India Plant,Sonet,24-03,0.0
India Plant,Seltos,24-03,0.0
India Plant,Carens,24-03,0.0
India Plant,Carnival,24-03,0.0
US Plant,K5,24-04,0.0
US Plant,Sportage,24-04,0.0
US Plant,Sorento,24-04,0.0
US Plant,Telluride,24-04,0.0
China Plant,Pegas,24-04,0.0
China Plant,K2,24-04,0.0
China Plant,Cerato,24-04,0.0
China Plant,K3,24-04,0.0
China Plant,K3,24-04,0.0
China Plant,K4,24-04,0.0
China Plant,K5,24-04,0.0
China Plant,KX1,24-04,0.0
China Plant,KX3,24-04,0.0
China Plant,Zhipao,24-04,0.0
China Plant,EV5,24-04,0.0
China Plant,KX5,24-04,0.0
China Plant,KX7,24-04,0.0
China Plant,Carnival,24-04,0.0
Slovakia Plant,Ceed,24-04,0.0
Slovakia Plant,Ceed CUV,24-04,0.0
Slovakia Plant,Sportage,24-04,0.0
Mexico Plant,Rio,24-04,0.0
Mexico Plant,K3,24-04,0.0
Mexico Plant,Accent,24-04,0.0
India Plant,Sonet,24-04,0.0
India Plant,Seltos,24-04,0.0
India Plant,Carens,24-04,0.0
India Plant,Carnival,24-04,0.0
US Plant,K5,24-04,15.0
US Plant,Sportage,24-04,10735.0
US Plant,Sorento,24-04,10150.0
US Plant,Telluride,24-04,11500.0
US Plant,EV9,24-04,0.0
China Plants,Pegas,24-04,3946.0
China Plants,K3,24-04,1737.0
China Plants,K3,24-04,1583.0
China Plants,K4,24-04,0.0
China Plants,K5,24-04,510.0
China Plants,KX1,24-04,383.0
China Plants,Sonet,24-04,4546.0
China Plants,KX3,24-04,4720.0
China Plants,Zhipao,24-04,66.0
China Plants,EV5,24-04,1182.0
China Plants,KX5,24-04,992.0
China Plants,Carnival,24-04,142.0
Slovakia Plant,Ceed,24-04,7959.0
Slovakia Plant,Ceed CUV,24-04,3448.0
Slovakia Plant,Sportage,24-04,20099.0
Mexico Plant,Rio,24-04,108.0
Mexico Plant,K3,24-04,22797.0
Mexico Plant,K4,24-04,10.0
Mexico Plant,Tucson,24-04,0.0
India Plant,Sonet,24-04,8821.0
India Plant,Seltos,24-04,7298.0
India Plant,Carens,24-04,6048.0
India Plant,Carnival,24-04,0.0
US Plant,K5,24-04,0.0
US Plant,Sportage,24-04,0.0
US Plant,Sorento,24-04,0.0
US Plant,Telluride,24-04,0.0
US Plant,EV6,24-04,0.0
US Plant,EV9,24-04,0.0
China Plants,Pegas,24-04,0.0
China Plants,K3,24-04,0.0
China Plants,K3,24-04,0.0
China Plants,K5,24-04,0.0
China Plants,KX1,24-04,0.0
China Plants,Sonet,24-04,0.0
China Plants,KX3,24-04,0.0
China Plants,Zhipao,24-04,0.0
China Plants,EV5,24-04,0.0
China Plants,KX5,24-04,0.0
China Plants,Carnival,24-04,0.0
Slovakia Plant,Ceed,24-04,0.0
Slovakia Plant,Ceed CUV,24-04,0.0
Slovakia Plant,Sportage,24-04,0.0
Mexico Plant,Rio,24-04,0.0
Mexico Plant,K3,24-04,0.0
Mexico Plant,K4,24-04,0.0
Mexico Plant,Tucson,24-04,0.0
India Plant,Syros,24-04,0.0
India Plant,Sonet,24-04,0.0
India Plant,Seltos,24-04,0.0
India Plant,Carens,24-04,0.0
India Plant,Carnival,24-04,0.0
US Plant,K5,24-05,0.0
US Plant,Sportage,24-05,0.0
US Plant,Sorento,24-05,0.0
US Plant,Telluride,24-05,0.0
China Plant,Pegas,24-05,0.0
China Plant,K2,24-05,0.0
China Plant,Cerato,24-05,0.0
China Plant,K3,24-05,0.0
China Plant,K3,24-05,0.0
China Plant,K4,24-05,0.0
China Plant,K5,24-05,0.0
China Plant,KX1,24-05,0.0
China Plant,KX3,24-05,0.0
China Plant,Zhipao,24-05,0.0
China Plant,EV5,24-05,0.0
China Plant,KX5,24-05,0.0
China Plant,KX7,24-05,0.0
China Plant,Carnival,24-05,0.0
Slovakia Plant,Ceed,24-05,0.0
Slovakia Plant,Ceed CUV,24-05,0.0
Slovakia Plant,Sportage,24-05,0.0
Mexico Plant,Rio,24-05,0.0
Mexico Plant,K3,24-05,0.0
Mexico Plant,Accent,24-05,0.0
India Plant,Sonet,24-05,0.0
India Plant,Seltos,24-05,0.0
India Plant,Carens,24-05,0.0
India Plant,Carnival,24-05,0.0
US Plant,K5,24-05,2.0
US Plant,Sportage,24-05,10048.0
US Plant,Sorento,24-05,10449.0
US Plant,Telluride,24-05,11401.0
US Plant,EV9,24-05,0.0
China Plants,Pegas,24-05,3812.0
China Plants,K3,24-05,1093.0
China Plants,K3,24-05,1304.0
China Plants,K4,24-05,0.0
China Plants,K5,24-05,1202.0
China Plants,KX1,24-05,271.0
China Plants,Sonet,24-05,4230.0
China Plants,KX3,24-05,4250.0
China Plants,Zhipao,24-05,32.0
China Plants,EV5,24-05,1732.0
China Plants,KX5,24-05,1001.0
China Plants,Carnival,24-05,156.0
Slovakia Plant,Ceed,24-05,7533.0
Slovakia Plant,Ceed CUV,24-05,3641.0
Slovakia Plant,Sportage,24-05,20926.0
Mexico Plant,Rio,24-05,0.0
Mexico Plant,K3,24-05,22895.0
Mexico Plant,K4,24-05,3.0
Mexico Plant,Tucson,24-05,0.0
India Plant,Sonet,24-05,8270.0
India Plant,Seltos,24-05,7218.0
India Plant,Carens,24-05,6300.0
India Plant,Carnival,24-05,0.0
US Plant,K5,24-05,0.0
US Plant,Sportage,24-05,0.0
US Plant,Sorento,24-05,0.0
US Plant,Telluride,24-05,0.0
US Plant,EV6,24-05,0.0
US Plant,EV9,24-05,0.0
China Plants,Pegas,24-05,0.0
China Plants,K3,24-05,0.0
China Plants,K3,24-05,0.0
China Plants,K5,24-05,0.0
China Plants,KX1,24-05,0.0
China Plants,Sonet,24-05,0.0
China Plants,KX3,24-05,0.0
China Plants,Zhipao,24-05,0.0
China Plants,EV5,24-05,0.0
China Plants,KX5,24-05,0.0
China Plants,Carnival,24-05,0.0
Slovakia Plant,Ceed,24-05,0.0
Slovakia Plant,Ceed CUV,24-05,0.0
Slovakia Plant,Sportage,24-05,0.0
Mexico Plant,Rio,24-05,0.0
Mexico Plant,K3,24-05,0.0
Mexico Plant,K4,24-05,0.0
Mexico Plant,Tucson,24-05,0.0
India Plant,Syros,24-05,0.0
India Plant,Sonet,24-05,0.0
India Plant,Seltos,24-05,0.0
India Plant,Carens,24-05,0.0
India Plant,Carnival,24-05,0.0
US Plant,K5,24-06,0.0
US Plant,Sportage,24-06,0.0
US Plant,Sorento,24-06,0.0
US Plant,Telluride,24-06,0.0
China Plant,Pegas,24-06,0.0
China Plant,K2,24-06,0.0
China Plant,Cerato,24-06,0.0
China Plant,K3,24-06,0.0
China Plant,K3,24-06,0.0
China Plant,K4,24-06,0.0
China Plant,K5,24-06,0.0
China Plant,KX1,24-06,0.0
China Plant,KX3,24-06,0.0
China Plant,Zhipao,24-06,0.0
China Plant,EV5,24-06,0.0
China Plant,KX5,24-06,0.0
China Plant,KX7,24-06,0.0
China Plant,Carnival,24-06,0.0
Slovakia Plant,Ceed,24-06,0.0
Slovakia Plant,Ceed CUV,24-06,0.0
Slovakia Plant,Sportage,24-06,0.0
Mexico Plant,Rio,24-06,0.0
Mexico Plant,K3,24-06,0.0
Mexico Plant,Accent,24-06,0.0
India Plant,Sonet,24-06,0.0
India Plant,Seltos,24-06,0.0
India Plant,Carens,24-06,0.0
India Plant,Carnival,24-06,0.0
US Plant,K5,24-06,0.0
US Plant,Sportage,24-06,9300.0
US Plant,Sorento,24-06,8650.0
US Plant,Telluride,24-06,10050.0
US Plant,EV9,24-06,0.0
China Plants,Pegas,24-06,5280.0
China Plants,K3,24-06,1102.0
China Plants,K3,24-06,1472.0
China Plants,K4,24-06,0.0
China Plants,K5,24-06,953.0
China Plants,KX1,24-06,555.0
China Plants,Sonet,24-06,3235.0
China Plants,KX3,24-06,4198.0
China Plants,Zhipao,24-06,117.0
China Plants,EV5,24-06,881.0
China Plants,KX5,24-06,2672.0
China Plants,Carnival,24-06,187.0
Slovakia Plant,Ceed,24-06,7426.0
Slovakia Plant,Ceed CUV,24-06,3459.0
Slovakia Plant,Sportage,24-06,18785.0
Mexico Plant,Rio,24-06,0.0
Mexico Plant,K3,24-06,21150.0
Mexico Plant,K4,24-06,20.0
Mexico Plant,Tucson,24-06,809.0
India Plant,Sonet,24-06,11212.0
India Plant,Seltos,24-06,7024.0
India Plant,Carens,24-06,6246.0
India Plant,Carnival,24-06,0.0
US Plant,K5,24-06,0.0
US Plant,Sportage,24-06,0.0
US Plant,Sorento,24-06,0.0
US Plant,Telluride,24-06,0.0
US Plant,EV6,24-06,0.0
US Plant,EV9,24-06,0.0
China Plants,Pegas,24-06,0.0
China Plants,K3,24-06,0.0
China Plants,K3,24-06,0.0
China Plants,K5,24-06,0.0
China Plants,KX1,24-06,0.0
China Plants,Sonet,24-06,0.0
China Plants,KX3,24-06,0.0
China Plants,Zhipao,24-06,0.0
China Plants,EV5,24-06,0.0
China Plants,KX5,24-06,0.0
China Plants,Carnival,24-06,0.0
Slovakia Plant,Ceed,24-06,0.0
Slovakia Plant,Ceed CUV,24-06,0.0
Slovakia Plant,Sportage,24-06,0.0
Mexico Plant,Rio,24-06,0.0
Mexico Plant,K3,24-06,0.0
Mexico Plant,K4,24-06,0.0
Mexico Plant,Tucson,24-06,0.0
India Plant,Syros,24-06,0.0
India Plant,Sonet,24-06,0.0
India Plant,Seltos,24-06,0.0
India Plant,Carens,24-06,0.0
India Plant,Carnival,24-06,0.0
US Plant,K5,24-07,0.0
US Plant,Sportage,24-07,0.0
US Plant,Sorento,24-07,0.0
US Plant,Telluride,24-07,0.0
China Plant,Pegas,24-07,0.0
China Plant,K2,24-07,0.0
China Plant,Cerato,24-07,0.0
China Plant,K3,24-07,0.0
China Plant,K3,24-07,0.0
China Plant,K4,24-07,0.0
China Plant,K5,24-07,0.0
China Plant,KX1,24-07,0.0
China Plant,KX3,24-07,0.0
China Plant,Zhipao,24-07,0.0
China Plant,EV5,24-07,0.0
China Plant,KX5,24-07,0.0
China Plant,KX7,24-07,0.0
China Plant,Carnival,24-07,0.0
Slovakia Plant,Ceed,24-07,0.0
Slovakia Plant,Ceed CUV,24-07,0.0
Slovakia Plant,Sportage,24-07,0.0
Mexico Plant,Rio,24-07,0.0
Mexico Plant,K3,24-07,0.0
Mexico Plant,Accent,24-07,0.0
India Plant,Sonet,24-07,0.0
India Plant,Seltos,24-07,0.0
India Plant,Carens,24-07,0.0
India Plant,Carnival,24-07,0.0
US Plant,K5,24-07,0.0
US Plant,Sportage,24-07,8800.0
US Plant,Sorento,24-07,8249.0
US Plant,Telluride,24-07,9851.0
US Plant,EV9,24-07,0.0
China Plants,Pegas,24-07,4699.0
China Plants,K3,24-07,1219.0
China Plants,K3,24-07,1035.0
China Plants,K4,24-07,0.0
China Plants,K5,24-07,1157.0
China Plants,KX1,24-07,381.0
China Plants,Sonet,24-07,4253.0
China Plants,KX3,24-07,4871.0
China Plants,Zhipao,24-07,112.0
China Plants,EV5,24-07,948.0
China Plants,KX5,24-07,3295.0
China Plants,Carnival,24-07,181.0
Slovakia Plant,Ceed,24-07,6685.0
Slovakia Plant,Ceed CUV,24-07,3036.0
Slovakia Plant,Sportage,24-07,17779.0
Mexico Plant,Rio,24-07,0.0
Mexico Plant,K3,24-07,19525.0
Mexico Plant,K4,24-07,2.0
Mexico Plant,Tucson,24-07,2378.0
India Plant,Sonet,24-07,10199.0
India Plant,Seltos,24-07,6279.0
India Plant,Carens,24-07,6512.0
India Plant,Carnival,24-07,0.0
US Plant,K5,24-07,0.0
US Plant,Sportage,24-07,0.0
US Plant,Sorento,24-07,0.0
US Plant,Telluride,24-07,0.0
US Plant,EV6,24-07,0.0
US Plant,EV9,24-07,0.0
China Plants,Pegas,24-07,0.0
China Plants,K3,24-07,0.0
China Plants,K3,24-07,0.0
China Plants,K5,24-07,0.0
China Plants,KX1,24-07,0.0
China Plants,Sonet,24-07,0.0
China Plants,KX3,24-07,0.0
China Plants,Zhipao,24-07,0.0
China Plants,EV5,24-07,0.0
China Plants,KX5,24-07,0.0
China Plants,Carnival,24-07,0.0
Slovakia Plant,Ceed,24-07,0.0
Slovakia Plant,Ceed CUV,24-07,0.0
Slovakia Plant,Sportage,24-07,0.0
Mexico Plant,Rio,24-07,0.0
Mexico Plant,K3,24-07,0.0
Mexico Plant,K4,24-07,0.0
Mexico Plant,Tucson,24-07,0.0
India Plant,Syros,24-07,0.0
India Plant,Sonet,24-07,0.0
India Plant,Seltos,24-07,0.0
India Plant,Carens,24-07,0.0
India Plant,Carnival,24-07,0.0
US Plant,K5,24-08,0.0
US Plant,Sportage,24-08,0.0
US Plant,Sorento,24-08,0.0
US Plant,Telluride,24-08,0.0
China Plant,Pegas,24-08,0.0
China Plant,K2,24-08,0.0
China Plant,Cerato,24-08,0.0
China Plant,K3,24-08,0.0
China Plant,K3,24-08,0.0
China Plant,K4,24-08,0.0
China Plant,K5,24-08,0.0
China Plant,KX1,24-08,0.0
China Plant,KX3,24-08,0.0
China Plant,Zhipao,24-08,0.0
China Plant,EV5,24-08,0.0
China Plant,KX5,24-08,0.0
China Plant,KX7,24-08,0.0
China Plant,Carnival,24-08,0.0
Slovakia Plant,Ceed,24-08,0.0
Slovakia Plant,Ceed CUV,24-08,0.0
Slovakia Plant,Sportage,24-08,0.0
Mexico Plant,Rio,24-08,0.0
Mexico Plant,K3,24-08,0.0
Mexico Plant,Accent,24-08,0.0
India Plant,Sonet,24-08,0.0
India Plant,Seltos,24-08,0.0
India Plant,Carens,24-08,0.0
India Plant,Carnival,24-08,0.0
US Plant,K5,24-08,0.0
US Plant,Sportage,24-08,11520.0
US Plant,Sorento,24-08,9380.0
US Plant,Telluride,24-08,12190.0
US Plant,EV9,24-08,10.0
China Plants,Pegas,24-08,5902.0
China Plants,K3,24-08,786.0
China Plants,K3,24-08,969.0
China Plants,K4,24-08,0.0
China Plants,K5,24-08,338.0
China Plants,KX1,24-08,505.0
China Plants,Sonet,24-08,4359.0
China Plants,KX3,24-08,4960.0
China Plants,Zhipao,24-08,157.0
China Plants,EV5,24-08,1385.0
China Plants,KX5,24-08,2951.0
China Plants,Carnival,24-08,186.0
Slovakia Plant,Ceed,24-08,5916.0
Slovakia Plant,Ceed CUV,24-08,1985.0
Slovakia Plant,Sportage,24-08,13799.0
Mexico Plant,Rio,24-08,0.0
Mexico Plant,K3,24-08,12058.0
Mexico Plant,K4,24-08,12325.0
Mexico Plant,Tucson,24-08,2821.0
India Plant,Sonet,24-08,11390.0
India Plant,Seltos,24-08,6929.0
India Plant,Carens,24-08,6775.0
India Plant,Carnival,24-08,0.0
US Plant,K5,24-08,0.0
US Plant,Sportage,24-08,0.0
US Plant,Sorento,24-08,0.0
US Plant,Telluride,24-08,0.0
US Plant,EV6,24-08,0.0
US Plant,EV9,24-08,0.0
China Plants,Pegas,24-08,0.0
China Plants,K3,24-08,0.0
China Plants,K3,24-08,0.0
China Plants,K5,24-08,0.0
China Plants,KX1,24-08,0.0
China Plants,Sonet,24-08,0.0
China Plants,KX3,24-08,0.0
China Plants,Zhipao,24-08,0.0
China Plants,EV5,24-08,0.0
China Plants,KX5,24-08,0.0
China Plants,Carnival,24-08,0.0
Slovakia Plant,Ceed,24-08,0.0
Slovakia Plant,Ceed CUV,24-08,0.0
Slovakia Plant,Sportage,24-08,0.0
Mexico Plant,Rio,24-08,0.0
Mexico Plant,K3,24-08,0.0
Mexico Plant,K4,24-08,0.0
Mexico Plant,Tucson,24-08,0.0
India Plant,Syros,24-08,0.0
India Plant,Sonet,24-08,0.0
India Plant,Seltos,24-08,0.0
India Plant,Carens,24-08,0.0
India Plant,Carnival,24-08,0.0
US Plant,K5,24-09,0.0
US Plant,Sportage,24-09,0.0
US Plant,Sorento,24-09,0.0
US Plant,Telluride,24-09,0.0
China Plant,Pegas,24-09,0.0
China Plant,K2,24-09,0.0
China Plant,Cerato,24-09,0.0
China Plant,K3,24-09,0.0
China Plant,K3,24-09,0.0
China Plant,K4,24-09,0.0
China Plant,K5,24-09,0.0
China Plant,KX1,24-09,0.0
China Plant,KX3,24-09,0.0
China Plant,Zhipao,24-09,0.0
China Plant,EV5,24-09,0.0
China Plant,KX5,24-09,0.0
China Plant,KX7,24-09,0.0
China Plant,Carnival,24-09,0.0
Slovakia Plant,Ceed,24-09,0.0
Slovakia Plant,Ceed CUV,24-09,0.0
Slovakia Plant,Sportage,24-09,0.0
Mexico Plant,Rio,24-09,0.0
Mexico Plant,K3,24-09,0.0
Mexico Plant,Accent,24-09,0.0
India Plant,Sonet,24-09,0.0
India Plant,Seltos,24-09,0.0
India Plant,Carens,24-09,0.0
India Plant,Carnival,24-09,0.0
US Plant,K5,24-09,0.0
US Plant,Sportage,24-09,10350.0
US Plant,Sorento,24-09,9237.0
US Plant,Telluride,24-09,11302.0
US Plant,EV9,24-09,11.0
China Plants,Pegas,24-09,6111.0
China Plants,K3,24-09,953.0
China Plants,K3,24-09,791.0
China Plants,K4,24-09,0.0
China Plants,K5,24-09,282.0
China Plants,KX1,24-09,586.0
China Plants,Sonet,24-09,3910.0
China Plants,KX3,24-09,4290.0
China Plants,Zhipao,24-09,145.0
China Plants,EV5,24-09,1199.0
China Plants,KX5,24-09,3559.0
China Plants,Carnival,24-09,132.0
Slovakia Plant,Ceed,24-09,7935.0
Slovakia Plant,Ceed CUV,24-09,3021.0
Slovakia Plant,Sportage,24-09,20344.0
Mexico Plant,Rio,24-09,0.0
Mexico Plant,K3,24-09,6170.0
Mexico Plant,K4,24-09,16329.0
Mexico Plant,Tucson,24-09,2637.0
India Plant,Sonet,24-09,11564.0
India Plant,Seltos,24-09,7232.0
India Plant,Carens,24-09,6721.0
India Plant,Carnival,24-09,0.0
US Plant,K5,24-09,0.0
US Plant,Sportage,24-09,0.0
US Plant,Sorento,24-09,0.0
US Plant,Telluride,24-09,0.0
US Plant,EV6,24-09,0.0
US Plant,EV9,24-09,0.0
China Plants,Pegas,24-09,0.0
China Plants,K3,24-09,0.0
China Plants,K3,24-09,0.0
China Plants,K5,24-09,0.0
China Plants,KX1,24-09,0.0
China Plants,Sonet,24-09,0.0
China Plants,KX3,24-09,0.0
China Plants,Zhipao,24-09,0.0
China Plants,EV5,24-09,0.0
China Plants,KX5,24-09,0.0
China Plants,Carnival,24-09,0.0
Slovakia Plant,Ceed,24-09,0.0
Slovakia Plant,Ceed CUV,24-09,0.0
Slovakia Plant,Sportage,24-09,0.0
Mexico Plant,Rio,24-09,0.0
Mexico Plant,K3,24-09,0.0
Mexico Plant,K4,24-09,0.0
Mexico Plant,Tucson,24-09,0.0
India Plant,Syros,24-09,0.0
India Plant,Sonet,24-09,0.0
India Plant,Seltos,24-09,0.0
India Plant,Carens,24-09,0.0
India Plant,Carnival,24-09,0.0
US Plant,K5,24-10,0.0
US Plant,Sportage,24-10,0.0
US Plant,Sorento,24-10,0.0
US Plant,Telluride,24-10,0.0
China Plant,Pegas,24-10,0.0
China Plant,K2,24-10,0.0
China Plant,Cerato,24-10,0.0
China Plant,K3,24-10,0.0
China Plant,K3,24-10,0.0
China Plant,K4,24-10,0.0
China Plant,K5,24-10,0.0
China Plant,KX1,24-10,0.0
China Plant,KX3,24-10,0.0
China Plant,Zhipao,24-10,0.0
China Plant,EV5,24-10,0.0
China Plant,KX5,24-10,0.0
China Plant,KX7,24-10,0.0
China Plant,Carnival,24-10,0.0
Slovakia Plant,Ceed,24-10,0.0
Slovakia Plant,Ceed CUV,24-10,0.0
Slovakia Plant,Sportage,24-10,0.0
Mexico Plant,Rio,24-10,0.0
Mexico Plant,K3,24-10,0.0
Mexico Plant,Accent,24-10,0.0
India Plant,Sonet,24-10,0.0
India Plant,Seltos,24-10,0.0
India Plant,Carens,24-10,0.0
India Plant,Carnival,24-10,0.0
US Plant,K5,24-10,0.0
US Plant,Sportage,24-10,11150.0
US Plant,Sorento,24-10,10520.0
US Plant,Telluride,24-10,12300.0
US Plant,EV9,24-10,130.0
China Plants,Pegas,24-10,6303.0
China Plants,K3,24-10,970.0
China Plants,K3,24-10,638.0
China Plants,K4,24-10,0.0
China Plants,K5,24-10,260.0
China Plants,KX1,24-10,805.0
China Plants,Sonet,24-10,4164.0
China Plants,KX3,24-10,5865.0
China Plants,Zhipao,24-10,442.0
China Plants,EV5,24-10,1259.0
China Plants,KX5,24-10,2850.0
China Plants,Carnival,24-10,134.0
Slovakia Plant,Ceed,24-10,8700.0
Slovakia Plant,Ceed CUV,24-10,3489.0
Slovakia Plant,Sportage,24-10,21311.0
Mexico Plant,Rio,24-10,0.0
Mexico Plant,K3,24-10,5476.0
Mexico Plant,K4,24-10,18439.0
Mexico Plant,Tucson,24-10,3048.0
India Plant,Sonet,24-10,11126.0
India Plant,Seltos,24-10,6544.0
India Plant,Carens,24-10,6820.0
India Plant,Carnival,24-10,255.0
US Plant,K5,24-10,0.0
US Plant,Sportage,24-10,0.0
US Plant,Sorento,24-10,0.0
US Plant,Telluride,24-10,0.0
US Plant,EV6,24-10,0.0
US Plant,EV9,24-10,0.0
China Plants,Pegas,24-10,0.0
China Plants,K3,24-10,0.0
China Plants,K3,24-10,0.0
China Plants,K5,24-10,0.0
China Plants,KX1,24-10,0.0
China Plants,Sonet,24-10,0.0
China Plants,KX3,24-10,0.0
China Plants,Zhipao,24-10,0.0
China Plants,EV5,24-10,0.0
China Plants,KX5,24-10,0.0
China Plants,Carnival,24-10,0.0
Slovakia Plant,Ceed,24-10,0.0
Slovakia Plant,Ceed CUV,24-10,0.0
Slovakia Plant,Sportage,24-10,0.0
Mexico Plant,Rio,24-10,0.0
Mexico Plant,K3,24-10,0.0
Mexico Plant,K4,24-10,0.0
Mexico Plant,Tucson,24-10,0.0
India Plant,Syros,24-10,0.0
India Plant,Sonet,24-10,0.0
India Plant,Seltos,24-10,0.0
India Plant,Carens,24-10,0.0
India Plant,Carnival,24-10,0.0
US Plant,K5,24-11,0.0
US Plant,Sportage,24-11,0.0
US Plant,Sorento,24-11,0.0
US Plant,Telluride,24-11,0.0
China Plant,Pegas,24-11,0.0
China Plant,K2,24-11,0.0
China Plant,Cerato,24-11,0.0
China Plant,K3,24-11,0.0
China Plant,K3,24-11,0.0
China Plant,K4,24-11,0.0
China Plant,K5,24-11,0.0
China Plant,KX1,24-11,0.0
China Plant,KX3,24-11,0.0
China Plant,Zhipao,24-11,0.0
China Plant,EV5,24-11,0.0
China Plant,KX5,24-11,0.0
China Plant,KX7,24-11,0.0
China Plant,Carnival,24-11,0.0
Slovakia Plant,Ceed,24-11,0.0
Slovakia Plant,Ceed CUV,24-11,0.0
Slovakia Plant,Sportage,24-11,0.0
Mexico Plant,Rio,24-11,0.0
Mexico Plant,K3,24-11,0.0
Mexico Plant,Accent,24-11,0.0
India Plant,Sonet,24-11,0.0
India Plant,Seltos,24-11,0.0
India Plant,Carens,24-11,0.0
India Plant,Carnival,24-11,0.0
US Plant,K5,24-11,0.0
US Plant,Sportage,24-11,9000.0
US Plant,Sorento,24-11,7972.0
US Plant,Telluride,24-11,10118.0
US Plant,EV9,24-11,1210.0
China Plants,Pegas,24-11,6455.0
China Plants,K3,24-11,1564.0
China Plants,K3,24-11,230.0
China Plants,K4,24-11,0.0
China Plants,K5,24-11,484.0
China Plants,KX1,24-11,1404.0
China Plants,Sonet,24-11,3378.0
China Plants,KX3,24-11,6496.0
China Plants,Zhipao,24-11,477.0
China Plants,EV5,24-11,821.0
China Plants,KX5,24-11,2792.0
China Plants,Carnival,24-11,179.0
Slovakia Plant,Ceed,24-11,7268.0
Slovakia Plant,Ceed CUV,24-11,3135.0
Slovakia Plant,Sportage,24-11,18698.0
Mexico Plant,Rio,24-11,0.0
Mexico Plant,K3,24-11,5517.0
Mexico Plant,K4,24-11,16824.0
Mexico Plant,Tucson,24-11,2700.0
India Plant,Sonet,24-11,10626.0
India Plant,Seltos,24-11,5643.0
India Plant,Carens,24-11,6093.0
India Plant,Carnival,24-11,241.0
US Plant,K5,24-11,0.0
US Plant,Sportage,24-11,0.0
US Plant,Sorento,24-11,0.0
US Plant,Telluride,24-11,0.0
US Plant,EV6,24-11,0.0
US Plant,EV9,24-11,0.0
China Plants,Pegas,24-11,0.0
China Plants,K3,24-11,0.0
China Plants,K3,24-11,0.0
China Plants,K5,24-11,0.0
China Plants,KX1,24-11,0.0
China Plants,Sonet,24-11,0.0
China Plants,KX3,24-11,0.0
China Plants,Zhipao,24-11,0.0
China Plants,EV5,24-11,0.0
China Plants,KX5,24-11,0.0
China Plants,Carnival,24-11,0.0
Slovakia Plant,Ceed,24-11,0.0
Slovakia Plant,Ceed CUV,24-11,0.0
Slovakia Plant,Sportage,24-11,0.0
Mexico Plant,Rio,24-11,0.0
Mexico Plant,K3,24-11,0.0
Mexico Plant,K4,24-11,0.0
Mexico Plant,Tucson,24-11,0.0
India Plant,Syros,24-11,0.0
India Plant,Sonet,24-11,0.0
India Plant,Seltos,24-11,0.0
India Plant,Carens,24-11,0.0
India Plant,Carnival,24-11,0.0
US Plant,K5,24-12,0.0
US Plant,Sportage,24-12,0.0
US Plant,Sorento,24-12,0.0
US Plant,Telluride,24-12,0.0
China Plant,Pegas,24-12,0.0
China Plant,K2,24-12,0.0
China Plant,Cerato,24-12,0.0
China Plant,K3,24-12,0.0
China Plant,K3,24-12,0.0
China Plant,K4,24-12,0.0
China Plant,K5,24-12,0.0
China Plant,KX1,24-12,0.0
China Plant,KX3,24-12,0.0
China Plant,Zhipao,24-12,0.0
China Plant,EV5,24-12,0.0
China Plant,KX5,24-12,0.0
China Plant,KX7,24-12,0.0
China Plant,Carnival,24-12,0.0
Slovakia Plant,Ceed,24-12,0.0
Slovakia Plant,Ceed CUV,24-12,0.0
Slovakia Plant,Sportage,24-12,0.0
Mexico Plant,Rio,24-12,0.0
Mexico Plant,K3,24-12,0.0
Mexico Plant,Accent,24-12,0.0
India Plant,Sonet,24-12,0.0
India Plant,Seltos,24-12,0.0
India Plant,Carens,24-12,0.0
India Plant,Carnival,24-12,0.0
US Plant,K5,24-12,0.0
US Plant,Sportage,24-12,6720.0
US Plant,Sorento,24-12,4718.0
US Plant,Telluride,24-12,8192.0
US Plant,EV9,24-12,1170.0
China Plants,Pegas,24-12,5934.0
China Plants,K3,24-12,1880.0
China Plants,K3,24-12,314.0
China Plants,K4,24-12,0.0
China Plants,K5,24-12,614.0
China Plants,KX1,24-12,1596.0
China Plants,Sonet,24-12,4480.0
China Plants,KX3,24-12,4369.0
China Plants,Zhipao,24-12,234.0
China Plants,EV5,24-12,738.0
China Plants,KX5,24-12,3722.0
China Plants,Carnival,24-12,165.0
Slovakia Plant,Ceed,24-12,5818.0
Slovakia Plant,Ceed CUV,24-12,2354.0
Slovakia Plant,Sportage,24-12,11628.0
Mexico Plant,Rio,24-12,0.0
Mexico Plant,K3,24-12,5832.0
Mexico Plant,K4,24-12,13274.0
Mexico Plant,Tucson,24-12,2097.0
India Plant,Sonet,24-12,4567.0
India Plant,Seltos,24-12,3211.0
India Plant,Carens,24-12,3165.0
India Plant,Carnival,24-12,103.0
US Plant,K5,24-12,0.0
US Plant,Sportage,24-12,0.0
US Plant,Sorento,24-12,0.0
US Plant,Telluride,24-12,0.0
US Plant,EV6,24-12,0.0
US Plant,EV9,24-12,0.0
China Plants,Pegas,24-12,0.0
China Plants,K3,24-12,0.0
China Plants,K3,24-12,0.0
China Plants,K5,24-12,0.0
China Plants,KX1,24-12,0.0
China Plants,Sonet,24-12,0.0
China Plants,KX3,24-12,0.0
China Plants,Zhipao,24-12,0.0
China Plants,EV5,24-12,0.0
China Plants,KX5,24-12,0.0
China Plants,Carnival,24-12,0.0
Slovakia Plant,Ceed,24-12,0.0
Slovakia Plant,Ceed CUV,24-12,0.0
Slovakia Plant,Sportage,24-12,0.0
Mexico Plant,Rio,24-12,0.0
Mexico Plant,K3,24-12,0.0
Mexico Plant,K4,24-12,0.0
Mexico Plant,Tucson,24-12,0.0
India Plant,Syros,24-12,0.0
India Plant,Sonet,24-12,0.0
India Plant,Seltos,24-12,0.0
India Plant,Carens,24-12,0.0
India Plant,Carnival,24-12,0.0
US Plant,K5,25-01,0.0
US Plant,Sportage,25-01,0.0
US Plant,Sorento,25-01,0.0
US Plant,Telluride,25-01,0.0
China Plant,Pegas,25-01,0.0
China Plant,K2,25-01,0.0
China Plant,Cerato,25-01,0.0
China Plant,K3,25-01,0.0
China Plant,K3,25-01,0.0
China Plant,K4,25-01,0.0
China Plant,K5,25-01,0.0
China Plant,KX1,25-01,0.0
China Plant,KX3,25-01,0.0
China Plant,Zhipao,25-01,0.0
China Plant,EV5,25-01,0.0
China Plant,KX5,25-01,0.0
China Plant,KX7,25-01,0.0
China Plant,Carnival,25-01,0.0
Slovakia Plant,Ceed,25-01,0.0
Slovakia Plant,Ceed CUV,25-01,0.0
Slovakia Plant,Sportage,25-01,0.0
Mexico Plant,Rio,25-01,0.0
Mexico Plant,K3,25-01,0.0
Mexico Plant,Accent,25-01,0.0
India Plant,Sonet,25-01,0.0
India Plant,Seltos,25-01,0.0
India Plant,Carens,25-01,0.0
India Plant,Carnival,25-01,0.0
US Plant,K5,25-01,0.0
US Plant,Sportage,25-01,0.0
US Plant,Sorento,25-01,0.0
US Plant,Telluride,25-01,0.0
US Plant,EV9,25-01,0.0
China Plants,Pegas,25-01,0.0
China Plants,K3,25-01,0.0
China Plants,K3,25-01,0.0
China Plants,K4,25-01,0.0
China Plants,K5,25-01,0.0
China Plants,KX1,25-01,0.0
China Plants,Sonet,25-01,0.0
China Plants,KX3,25-01,0.0
China Plants,Zhipao,25-01,0.0
China Plants,EV5,25-01,0.0
China Plants,KX5,25-01,0.0
China Plants,Carnival,25-01,0.0
Slovakia Plant,Ceed,25-01,0.0
Slovakia Plant,Ceed CUV,25-01,0.0
Slovakia Plant,Sportage,25-01,0.0
Mexico Plant,Rio,25-01,0.0
Mexico Plant,K3,25-01,0.0
Mexico Plant,K4,25-01,0.0
Mexico Plant,Tucson,25-01,0.0
India Plant,Sonet,25-01,0.0
India Plant,Seltos,25-01,0.0
India Plant,Carens,25-01,0.0
India Plant,Carnival,25-01,0.0
US Plant,K5,25-01,0.0
US Plant,Sportage,25-01,9247.0
US Plant,Sorento,25-01,8300.0
US Plant,Telluride,25-01,10350.0
US Plant,EV6,25-01,103.0
US Plant,EV9,25-01,300.0
China Plants,Pegas,25-01,3638.0
China Plants,K3,25-01,1134.0
China Plants,K3,25-01,401.0
China Plants,K5,25-01,361.0
China Plants,KX1,25-01,1510.0
China Plants,Sonet,25-01,2397.0
China Plants,KX3,25-01,3446.0
China Plants,Zhipao,25-01,139.0
China Plants,EV5,25-01,699.0
China Plants,KX5,25-01,1875.0
China Plants,Carnival,25-01,99.0
Slovakia Plant,Ceed,25-01,10261.0
Slovakia Plant,Ceed CUV,25-01,2194.0
Slovakia Plant,Sportage,25-01,15245.0
Mexico Plant,Rio,25-01,0.0
Mexico Plant,K3,25-01,5207.0
Mexico Plant,K4,25-01,15456.0
Mexico Plant,Tucson,25-01,2000.0
India Plant,Syros,25-01,5546.0
India Plant,Sonet,25-01,8259.0
India Plant,Seltos,25-01,6584.0
India Plant,Carens,25-01,5797.0
India Plant,Carnival,25-01,293.0
US Plant,K5,25-02,0.0
US Plant,Sportage,25-02,0.0
US Plant,Sorento,25-02,0.0
US Plant,Telluride,25-02,0.0
China Plant,Pegas,25-02,0.0
China Plant,K2,25-02,0.0
China Plant,Cerato,25-02,0.0
China Plant,K3,25-02,0.0
China Plant,K3,25-02,0.0
China Plant,K4,25-02,0.0
China Plant,K5,25-02,0.0
China Plant,KX1,25-02,0.0
China Plant,KX3,25-02,0.0
China Plant,Zhipao,25-02,0.0
China Plant,EV5,25-02,0.0
China Plant,KX5,25-02,0.0
China Plant,KX7,25-02,0.0
China Plant,Carnival,25-02,0.0
Slovakia Plant,Ceed,25-02,0.0
Slovakia Plant,Ceed CUV,25-02,0.0
Slovakia Plant,Sportage,25-02,0.0
Mexico Plant,Rio,25-02,0.0
Mexico Plant,K3,25-02,0.0
Mexico Plant,Accent,25-02,0.0
India Plant,Sonet,25-02,0.0
India Plant,Seltos,25-02,0.0
India Plant,Carens,25-02,0.0
India Plant,Carnival,25-02,0.0
US Plant,K5,25-02,0.0
US Plant,Sportage,25-02,0.0
US Plant,Sorento,25-02,0.0
US Plant,Telluride,25-02,0.0
US Plant,EV9,25-02,0.0
China Plants,Pegas,25-02,0.0
China Plants,K3,25-02,0.0
China Plants,K3,25-02,0.0
China Plants,K4,25-02,0.0
China Plants,K5,25-02,0.0
China Plants,KX1,25-02,0.0
China Plants,Sonet,25-02,0.0
China Plants,KX3,25-02,0.0
China Plants,Zhipao,25-02,0.0
China Plants,EV5,25-02,0.0
China Plants,KX5,25-02,0.0
China Plants,Carnival,25-02,0.0
Slovakia Plant,Ceed,25-02,0.0
Slovakia Plant,Ceed CUV,25-02,0.0
Slovakia Plant,Sportage,25-02,0.0
Mexico Plant,Rio,25-02,0.0
Mexico Plant,K3,25-02,0.0
Mexico Plant,K4,25-02,0.0
Mexico Plant,Tucson,25-02,0.0
India Plant,Sonet,25-02,0.0
India Plant,Seltos,25-02,0.0
India Plant,Carens,25-02,0.0
India Plant,Carnival,25-02,0.0
US Plant,K5,25-02,0.0
US Plant,Sportage,25-02,0.0
US Plant,Sorento,25-02,0.0
US Plant,Telluride,25-02,0.0
US Plant,EV6,25-02,0.0
US Plant,EV9,25-02,0.0
China Plants,Pegas,25-02,0.0
China Plants,K3,25-02,0.0
China Plants,K3,25-02,0.0
China Plants,K5,25-02,0.0
China Plants,KX1,25-02,0.0
China Plants,Sonet,25-02,0.0
China Plants,KX3,25-02,0.0
China Plants,Zhipao,25-02,0.0
China Plants,EV5,25-02,0.0
China Plants,KX5,25-02,0.0
China Plants,Carnival,25-02,0.0
Slovakia Plant,Ceed,25-02,0.0
Slovakia Plant,Ceed CUV,25-02,0.0
Slovakia Plant,Sportage,25-02,0.0
Mexico Plant,Rio,25-02,0.0
Mexico Plant,K3,25-02,0.0
Mexico Plant,K4,25-02,0.0
Mexico Plant,Tucson,25-02,0.0
India Plant,Syros,25-02,0.0
India Plant,Sonet,25-02,0.0
India Plant,Seltos,25-02,0.0
India Plant,Carens,25-02,0.0
India Plant,Carnival,25-02,0.0
US Plant,K5,25-03,0.0
US Plant,Sportage,25-03,0.0
US Plant,Sorento,25-03,0.0
US Plant,Telluride,25-03,0.0
China Plant,Pegas,25-03,0.0
China Plant,K2,25-03,0.0
China Plant,Cerato,25-03,0.0
China Plant,K3,25-03,0.0
China Plant,K3,25-03,0.0
China Plant,K4,25-03,0.0
China Plant,K5,25-03,0.0
China Plant,KX1,25-03,0.0
China Plant,KX3,25-03,0.0
China Plant,Zhipao,25-03,0.0
China Plant,EV5,25-03,0.0
China Plant,KX5,25-03,0.0
China Plant,KX7,25-03,0.0
China Plant,Carnival,25-03,0.0
Slovakia Plant,Ceed,25-03,0.0
Slovakia Plant,Ceed CUV,25-03,0.0
Slovakia Plant,Sportage,25-03,0.0
Mexico Plant,Rio,25-03,0.0
Mexico Plant,K3,25-03,0.0
Mexico Plant,Accent,25-03,0.0
India Plant,Sonet,25-03,0.0
India Plant,Seltos,25-03,0.0
India Plant,Carens,25-03,0.0
India Plant,Carnival,25-03,0.0
US Plant,K5,25-03,0.0
US Plant,Sportage,25-03,0.0
US Plant,Sorento,25-03,0.0
US Plant,Telluride,25-03,0.0
US Plant,EV9,25-03,0.0
China Plants,Pegas,25-03,0.0
China Plants,K3,25-03,0.0
China Plants,K3,25-03,0.0
China Plants,K4,25-03,0.0
China Plants,K5,25-03,0.0
China Plants,KX1,25-03,0.0
China Plants,Sonet,25-03,0.0
China Plants,KX3,25-03,0.0
China Plants,Zhipao,25-03,0.0
China Plants,EV5,25-03,0.0
China Plants,KX5,25-03,0.0
China Plants,Carnival,25-03,0.0
Slovakia Plant,Ceed,25-03,0.0
Slovakia Plant,Ceed CUV,25-03,0.0
Slovakia Plant,Sportage,25-03,0.0
Mexico Plant,Rio,25-03,0.0
Mexico Plant,K3,25-03,0.0
Mexico Plant,K4,25-03,0.0
Mexico Plant,Tucson,25-03,0.0
India Plant,Sonet,25-03,0.0
India Plant,Seltos,25-03,0.0
India Plant,Carens,25-03,0.0
India Plant,Carnival,25-03,0.0
US Plant,K5,25-03,0.0
US Plant,Sportage,25-03,0.0
US Plant,Sorento,25-03,0.0
US Plant,Telluride,25-03,0.0
US Plant,EV6,25-03,0.0
US Plant,EV9,25-03,0.0
China Plants,Pegas,25-03,0.0
China Plants,K3,25-03,0.0
China Plants,K3,25-03,0.0
China Plants,K5,25-03,0.0
China Plants,KX1,25-03,0.0
China Plants,Sonet,25-03,0.0
China Plants,KX3,25-03,0.0
China Plants,Zhipao,25-03,0.0
China Plants,EV5,25-03,0.0
China Plants,KX5,25-03,0.0
China Plants,Carnival,25-03,0.0
Slovakia Plant,Ceed,25-03,0.0
Slovakia Plant,Ceed CUV,25-03,0.0
Slovakia Plant,Sportage,25-03,0.0
Mexico Plant,Rio,25-03,0.0
Mexico Plant,K3,25-03,0.0
Mexico Plant,K4,25-03,0.0
Mexico Plant,Tucson,25-03,0.0
India Plant,Syros,25-03,0.0
India Plant,Sonet,25-03,0.0
India Plant,Seltos,25-03,0.0
India Plant,Carens,25-03,0.0
India Plant,Carnival,25-03,0.0
US Plant,K5,25-04,0.0
US Plant,Sportage,25-04,0.0
US Plant,Sorento,25-04,0.0
US Plant,Telluride,25-04,0.0
China Plant,Pegas,25-04,0.0
China Plant,K2,25-04,0.0
China Plant,Cerato,25-04,0.0
China Plant,K3,25-04,0.0
China Plant,K3,25-04,0.0
China Plant,K4,25-04,0.0
China Plant,K5,25-04,0.0
China Plant,KX1,25-04,0.0
China Plant,KX3,25-04,0.0
China Plant,Zhipao,25-04,0.0
China Plant,EV5,25-04,0.0
China Plant,KX5,25-04,0.0
China Plant,KX7,25-04,0.0
China Plant,Carnival,25-04,0.0
Slovakia Plant,Ceed,25-04,0.0
Slovakia Plant,Ceed CUV,25-04,0.0
Slovakia Plant,Sportage,25-04,0.0
Mexico Plant,Rio,25-04,0.0
Mexico Plant,K3,25-04,0.0
Mexico Plant,Accent,25-04,0.0
India Plant,Sonet,25-04,0.0
India Plant,Seltos,25-04,0.0
India Plant,Carens,25-04,0.0
India Plant,Carnival,25-04,0.0
US Plant,K5,25-04,0.0
US Plant,Sportage,25-04,0.0
US Plant,Sorento,25-04,0.0
US Plant,Telluride,25-04,0.0
US Plant,EV9,25-04,0.0
China Plants,Pegas,25-04,0.0
China Plants,K3,25-04,0.0
China Plants,K3,25-04,0.0
China Plants,K4,25-04,0.0
China Plants,K5,25-04,0.0
China Plants,KX1,25-04,0.0
China Plants,Sonet,25-04,0.0
China Plants,KX3,25-04,0.0
China Plants,Zhipao,25-04,0.0
China Plants,EV5,25-04,0.0
China Plants,KX5,25-04,0.0
China Plants,Carnival,25-04,0.0
Slovakia Plant,Ceed,25-04,0.0
Slovakia Plant,Ceed CUV,25-04,0.0
Slovakia Plant,Sportage,25-04,0.0
Mexico Plant,Rio,25-04,0.0
Mexico Plant,K3,25-04,0.0
Mexico Plant,K4,25-04,0.0
Mexico Plant,Tucson,25-04,0.0
India Plant,Sonet,25-04,0.0
India Plant,Seltos,25-04,0.0
India Plant,Carens,25-04,0.0
India Plant,Carnival,25-04,0.0
US Plant,K5,25-04,0.0
US Plant,Sportage,25-04,0.0
US Plant,Sorento,25-04,0.0
US Plant,Telluride,25-04,0.0
US Plant,EV6,25-04,0.0
US Plant,EV9,25-04,0.0
China Plants,Pegas,25-04,0.0
China Plants,K3,25-04,0.0
China Plants,K3,25-04,0.0
China Plants,K5,25-04,0.0
China Plants,KX1,25-04,0.0
China Plants,Sonet,25-04,0.0
China Plants,KX3,25-04,0.0
China Plants,Zhipao,25-04,0.0
China Plants,EV5,25-04,0.0
China Plants,KX5,25-04,0.0
China Plants,Carnival,25-04,0.0
Slovakia Plant,Ceed,25-04,0.0
Slovakia Plant,Ceed CUV,25-04,0.0
Slovakia Plant,Sportage,25-04,0.0
Mexico Plant,Rio,25-04,0.0
Mexico Plant,K3,25-04,0.0
Mexico Plant,K4,25-04,0.0
Mexico Plant,Tucson,25-04,0.0
India Plant,Syros,25-04,0.0
India Plant,Sonet,25-04,0.0
India Plant,Seltos,25-04,0.0
India Plant,Carens,25-04,0.0
India Plant,Carnival,25-04,0.0
US Plant,K5,25-05,0.0
US Plant,Sportage,25-05,0.0
US Plant,Sorento,25-05,0.0
US Plant,Telluride,25-05,0.0
China Plant,Pegas,25-05,0.0
China Plant,K2,25-05,0.0
China Plant,Cerato,25-05,0.0
China Plant,K3,25-05,0.0
China Plant,K3,25-05,0.0
China Plant,K4,25-05,0.0
China Plant,K5,25-05,0.0
China Plant,KX1,25-05,0.0
China Plant,KX3,25-05,0.0
China Plant,Zhipao,25-05,0.0
China Plant,EV5,25-05,0.0
China Plant,KX5,25-05,0.0
China Plant,KX7,25-05,0.0
China Plant,Carnival,25-05,0.0
Slovakia Plant,Ceed,25-05,0.0
Slovakia Plant,Ceed CUV,25-05,0.0
Slovakia Plant,Sportage,25-05,0.0
Mexico Plant,Rio,25-05,0.0
Mexico Plant,K3,25-05,0.0
Mexico Plant,Accent,25-05,0.0
India Plant,Sonet,25-05,0.0
India Plant,Seltos,25-05,0.0
India Plant,Carens,25-05,0.0
India Plant,Carnival,25-05,0.0
US Plant,K5,25-05,0.0
US Plant,Sportage,25-05,0.0
US Plant,Sorento,25-05,0.0
US Plant,Telluride,25-05,0.0
US Plant,EV9,25-05,0.0
China Plants,Pegas,25-05,0.0
China Plants,K3,25-05,0.0
China Plants,K3,25-05,0.0
China Plants,K4,25-05,0.0
China Plants,K5,25-05,0.0
China Plants,KX1,25-05,0.0
China Plants,Sonet,25-05,0.0
China Plants,KX3,25-05,0.0
China Plants,Zhipao,25-05,0.0
China Plants,EV5,25-05,0.0
China Plants,KX5,25-05,0.0
China Plants,Carnival,25-05,0.0
Slovakia Plant,Ceed,25-05,0.0
Slovakia Plant,Ceed CUV,25-05,0.0
Slovakia Plant,Sportage,25-05,0.0
Mexico Plant,Rio,25-05,0.0
Mexico Plant,K3,25-05,0.0
Mexico Plant,K4,25-05,0.0
Mexico Plant,Tucson,25-05,0.0
India Plant,Sonet,25-05,0.0
India Plant,Seltos,25-05,0.0
India Plant,Carens,25-05,0.0
India Plant,Carnival,25-05,0.0
US Plant,K5,25-05,0.0
US Plant,Sportage,25-05,0.0
US Plant,Sorento,25-05,0.0
US Plant,Telluride,25-05,0.0
US Plant,EV6,25-05,0.0
US Plant,EV9,25-05,0.0
China Plants,Pegas,25-05,0.0
China Plants,K3,25-05,0.0
China Plants,K3,25-05,0.0
China Plants,K5,25-05,0.0
China Plants,KX1,25-05,0.0
China Plants,Sonet,25-05,0.0
China Plants,KX3,25-05,0.0
China Plants,Zhipao,25-05,0.0
China Plants,EV5,25-05,0.0
China Plants,KX5,25-05,0.0
China Plants,Carnival,25-05,0.0
Slovakia Plant,Ceed,25-05,0.0
Slovakia Plant,Ceed CUV,25-05,0.0
Slovakia Plant,Sportage,25-05,0.0
Mexico Plant,Rio,25-05,0.0
Mexico Plant,K3,25-05,0.0
Mexico Plant,K4,25-05,0.0
Mexico Plant,Tucson,25-05,0.0
India Plant,Syros,25-05,0.0
India Plant,Sonet,25-05,0.0
India Plant,Seltos,25-05,0.0
India Plant,Carens,25-05,0.0
India Plant,Carnival,25-05,0.0
US Plant,K5,25-06,0.0
US Plant,Sportage,25-06,0.0
US Plant,Sorento,25-06,0.0
US Plant,Telluride,25-06,0.0
China Plant,Pegas,25-06,0.0
China Plant,K2,25-06,0.0
China Plant,Cerato,25-06,0.0
China Plant,K3,25-06,0.0
China Plant,K3,25-06,0.0
China Plant,K4,25-06,0.0
China Plant,K5,25-06,0.0
China Plant,KX1,25-06,0.0
China Plant,KX3,25-06,0.0
China Plant,Zhipao,25-06,0.0
China Plant,EV5,25-06,0.0
China Plant,KX5,25-06,0.0
China Plant,KX7,25-06,0.0
China Plant,Carnival,25-06,0.0
Slovakia Plant,Ceed,25-06,0.0
Slovakia Plant,Ceed CUV,25-06,0.0
Slovakia Plant,Sportage,25-06,0.0
Mexico Plant,Rio,25-06,0.0
Mexico Plant,K3,25-06,0.0
Mexico Plant,Accent,25-06,0.0
India Plant,Sonet,25-06,0.0
India Plant,Seltos,25-06,0.0
India Plant,Carens,25-06,0.0
India Plant,Carnival,25-06,0.0
US Plant,K5,25-06,0.0
US Plant,Sportage,25-06,0.0
US Plant,Sorento,25-06,0.0
US Plant,Telluride,25-06,0.0
US Plant,EV9,25-06,0.0
China Plants,Pegas,25-06,0.0
China Plants,K3,25-06,0.0
China Plants,K3,25-06,0.0
China Plants,K4,25-06,0.0
China Plants,K5,25-06,0.0
China Plants,KX1,25-06,0.0
China Plants,Sonet,25-06,0.0
China Plants,KX3,25-06,0.0
China Plants,Zhipao,25-06,0.0
China Plants,EV5,25-06,0.0
China Plants,KX5,25-06,0.0
China Plants,Carnival,25-06,0.0
Slovakia Plant,Ceed,25-06,0.0
Slovakia Plant,Ceed CUV,25-06,0.0
Slovakia Plant,Sportage,25-06,0.0
Mexico Plant,Rio,25-06,0.0
Mexico Plant,K3,25-06,0.0
Mexico Plant,K4,25-06,0.0
Mexico Plant,Tucson,25-06,0.0
India Plant,Sonet,25-06,0.0
India Plant,Seltos,25-06,0.0
India Plant,Carens,25-06,0.0
India Plant,Carnival,25-06,0.0
US Plant,K5,25-06,0.0
US Plant,Sportage,25-06,0.0
US Plant,Sorento,25-06,0.0
US Plant,Telluride,25-06,0.0
US Plant,EV6,25-06,0.0
US Plant,EV9,25-06,0.0
China Plants,Pegas,25-06,0.0
China Plants,K3,25-06,0.0
China Plants,K3,25-06,0.0
China Plants,K5,25-06,0.0
China Plants,KX1,25-06,0.0
China Plants,Sonet,25-06,0.0
China Plants,KX3,25-06,0.0
China Plants,Zhipao,25-06,0.0
China Plants,EV5,25-06,0.0
China Plants,KX5,25-06,0.0
China Plants,Carnival,25-06,0.0
Slovakia Plant,Ceed,25-06,0.0
Slovakia Plant,Ceed CUV,25-06,0.0
Slovakia Plant,Sportage,25-06,0.0
Mexico Plant,Rio,25-06,0.0
Mexico Plant,K3,25-06,0.0
Mexico Plant,K4,25-06,0.0
Mexico Plant,Tucson,25-06,0.0
India Plant,Syros,25-06,0.0
India Plant,Sonet,25-06,0.0
India Plant,Seltos,25-06,0.0
India Plant,Carens,25-06,0.0
India Plant,Carnival,25-06,0.0
US Plant,K5,25-07,0.0
US Plant,Sportage,25-07,0.0
US Plant,Sorento,25-07,0.0
US Plant,Telluride,25-07,0.0
China Plant,Pegas,25-07,0.0
China Plant,K2,25-07,0.0
China Plant,Cerato,25-07,0.0
China Plant,K3,25-07,0.0
China Plant,K3,25-07,0.0
China Plant,K4,25-07,0.0
China Plant,K5,25-07,0.0
China Plant,KX1,25-07,0.0
China Plant,KX3,25-07,0.0
China Plant,Zhipao,25-07,0.0
China Plant,EV5,25-07,0.0
China Plant,KX5,25-07,0.0
China Plant,KX7,25-07,0.0
China Plant,Carnival,25-07,0.0
Slovakia Plant,Ceed,25-07,0.0
Slovakia Plant,Ceed CUV,25-07,0.0
Slovakia Plant,Sportage,25-07,0.0
Mexico Plant,Rio,25-07,0.0
Mexico Plant,K3,25-07,0.0
Mexico Plant,Accent,25-07,0.0
India Plant,Sonet,25-07,0.0
India Plant,Seltos,25-07,0.0
India Plant,Carens,25-07,0.0
India Plant,Carnival,25-07,0.0
US Plant,K5,25-07,0.0
US Plant,Sportage,25-07,0.0
US Plant,Sorento,25-07,0.0
US Plant,Telluride,25-07,0.0
US Plant,EV9,25-07,0.0
China Plants,Pegas,25-07,0.0
China Plants,K3,25-07,0.0
China Plants,K3,25-07,0.0
China Plants,K4,25-07,0.0
China Plants,K5,25-07,0.0
China Plants,KX1,25-07,0.0
China Plants,Sonet,25-07,0.0
China Plants,KX3,25-07,0.0
China Plants,Zhipao,25-07,0.0
China Plants,EV5,25-07,0.0
China Plants,KX5,25-07,0.0
China Plants,Carnival,25-07,0.0
Slovakia Plant,Ceed,25-07,0.0
Slovakia Plant,Ceed CUV,25-07,0.0
Slovakia Plant,Sportage,25-07,0.0
Mexico Plant,Rio,25-07,0.0
Mexico Plant,K3,25-07,0.0
Mexico Plant,K4,25-07,0.0
Mexico Plant,Tucson,25-07,0.0
India Plant,Sonet,25-07,0.0
India Plant,Seltos,25-07,0.0
India Plant,Carens,25-07,0.0
India Plant,Carnival,25-07,0.0
US Plant,K5,25-07,0.0
US Plant,Sportage,25-07,0.0
US Plant,Sorento,25-07,0.0
US Plant,Telluride,25-07,0.0
US Plant,EV6,25-07,0.0
US Plant,EV9,25-07,0.0
China Plants,Pegas,25-07,0.0
China Plants,K3,25-07,0.0
China Plants,K3,25-07,0.0
China Plants,K5,25-07,0.0
China Plants,KX1,25-07,0.0
China Plants,Sonet,25-07,0.0
China Plants,KX3,25-07,0.0
China Plants,Zhipao,25-07,0.0
China Plants,EV5,25-07,0.0
China Plants,KX5,25-07,0.0
China Plants,Carnival,25-07,0.0
Slovakia Plant,Ceed,25-07,0.0
Slovakia Plant,Ceed CUV,25-07,0.0
Slovakia Plant,Sportage,25-07,0.0
Mexico Plant,Rio,25-07,0.0
Mexico Plant,K3,25-07,0.0
Mexico Plant,K4,25-07,0.0
Mexico Plant,Tucson,25-07,0.0
India Plant,Syros,25-07,0.0
India Plant,Sonet,25-07,0.0
India Plant,Seltos,25-07,0.0
India Plant,Carens,25-07,0.0
India Plant,Carnival,25-07,0.0
US Plant,K5,25-08,0.0
US Plant,Sportage,25-08,0.0
US Plant,Sorento,25-08,0.0
US Plant,Telluride,25-08,0.0
China Plant,Pegas,25-08,0.0
China Plant,K2,25-08,0.0
China Plant,Cerato,25-08,0.0
China Plant,K3,25-08,0.0
China Plant,K3,25-08,0.0
China Plant,K4,25-08,0.0
China Plant,K5,25-08,0.0
China Plant,KX1,25-08,0.0
China Plant,KX3,25-08,0.0
China Plant,Zhipao,25-08,0.0
China Plant,EV5,25-08,0.0
China Plant,KX5,25-08,0.0
China Plant,KX7,25-08,0.0
China Plant,Carnival,25-08,0.0
Slovakia Plant,Ceed,25-08,0.0
Slovakia Plant,Ceed CUV,25-08,0.0
Slovakia Plant,Sportage,25-08,0.0
Mexico Plant,Rio,25-08,0.0
Mexico Plant,K3,25-08,0.0
Mexico Plant,Accent,25-08,0.0
India Plant,Sonet,25-08,0.0
India Plant,Seltos,25-08,0.0
India Plant,Carens,25-08,0.0
India Plant,Carnival,25-08,0.0
US Plant,K5,25-08,0.0
US Plant,Sportage,25-08,0.0
US Plant,Sorento,25-08,0.0
US Plant,Telluride,25-08,0.0
US Plant,EV9,25-08,0.0
China Plants,Pegas,25-08,0.0
China Plants,K3,25-08,0.0
China Plants,K3,25-08,0.0
China Plants,K4,25-08,0.0
China Plants,K5,25-08,0.0
China Plants,KX1,25-08,0.0
China Plants,Sonet,25-08,0.0
China Plants,KX3,25-08,0.0
China Plants,Zhipao,25-08,0.0
China Plants,EV5,25-08,0.0
China Plants,KX5,25-08,0.0
China Plants,Carnival,25-08,0.0
Slovakia Plant,Ceed,25-08,0.0
Slovakia Plant,Ceed CUV,25-08,0.0
Slovakia Plant,Sportage,25-08,0.0
Mexico Plant,Rio,25-08,0.0
Mexico Plant,K3,25-08,0.0
Mexico Plant,K4,25-08,0.0
Mexico Plant,Tucson,25-08,0.0
India Plant,Sonet,25-08,0.0
India Plant,Seltos,25-08,0.0
India Plant,Carens,25-08,0.0
India Plant,Carnival,25-08,0.0
US Plant,K5,25-08,0.0
US Plant,Sportage,25-08,0.0
US Plant,Sorento,25-08,0.0
US Plant,Telluride,25-08,0.0
US Plant,EV6,25-08,0.0
US Plant,EV9,25-08,0.0
China Plants,Pegas,25-08,0.0
China Plants,K3,25-08,0.0
China Plants,K3,25-08,0.0
China Plants,K5,25-08,0.0
China Plants,KX1,25-08,0.0
China Plants,Sonet,25-08,0.0
China Plants,KX3,25-08,0.0
China Plants,Zhipao,25-08,0.0
China Plants,EV5,25-08,0.0
China Plants,KX5,25-08,0.0
China Plants,Carnival,25-08,0.0
Slovakia Plant,Ceed,25-08,0.0
Slovakia Plant,Ceed CUV,25-08,0.0
Slovakia Plant,Sportage,25-08,0.0
Mexico Plant,Rio,25-08,0.0
Mexico Plant,K3,25-08,0.0
Mexico Plant,K4,25-08,0.0
Mexico Plant,Tucson,25-08,0.0
India Plant,Syros,25-08,0.0
India Plant,Sonet,25-08,0.0
India Plant,Seltos,25-08,0.0
India Plant,Carens,25-08,0.0
India Plant,Carnival,25-08,0.0
US Plant,K5,25-09,0.0
US Plant,Sportage,25-09,0.0
US Plant,Sorento,25-09,0.0
US Plant,Telluride,25-09,0.0
China Plant,Pegas,25-09,0.0
China Plant,K2,25-09,0.0
China Plant,Cerato,25-09,0.0
China Plant,K3,25-09,0.0
China Plant,K3,25-09,0.0
China Plant,K4,25-09,0.0
China Plant,K5,25-09,0.0
China Plant,KX1,25-09,0.0
China Plant,KX3,25-09,0.0
China Plant,Zhipao,25-09,0.0
China Plant,EV5,25-09,0.0
China Plant,KX5,25-09,0.0
China Plant,KX7,25-09,0.0
China Plant,Carnival,25-09,0.0
Slovakia Plant,Ceed,25-09,0.0
Slovakia Plant,Ceed CUV,25-09,0.0
Slovakia Plant,Sportage,25-09,0.0
Mexico Plant,Rio,25-09,0.0
Mexico Plant,K3,25-09,0.0
Mexico Plant,Accent,25-09,0.0
India Plant,Sonet,25-09,0.0
India Plant,Seltos,25-09,0.0
India Plant,Carens,25-09,0.0
India Plant,Carnival,25-09,0.0
US Plant,K5,25-09,0.0
US Plant,Sportage,25-09,0.0
US Plant,Sorento,25-09,0.0
US Plant,Telluride,25-09,0.0
US Plant,EV9,25-09,0.0
China Plants,Pegas,25-09,0.0
China Plants,K3,25-09,0.0
China Plants,K3,25-09,0.0
China Plants,K4,25-09,0.0
China Plants,K5,25-09,0.0
China Plants,KX1,25-09,0.0
China Plants,Sonet,25-09,0.0
China Plants,KX3,25-09,0.0
China Plants,Zhipao,25-09,0.0
China Plants,EV5,25-09,0.0
China Plants,KX5,25-09,0.0
China Plants,Carnival,25-09,0.0
Slovakia Plant,Ceed,25-09,0.0
Slovakia Plant,Ceed CUV,25-09,0.0
Slovakia Plant,Sportage,25-09,0.0
Mexico Plant,Rio,25-09,0.0
Mexico Plant,K3,25-09,0.0
Mexico Plant,K4,25-09,0.0
Mexico Plant,Tucson,25-09,0.0
India Plant,Sonet,25-09,0.0
India Plant,Seltos,25-09,0.0
India Plant,Carens,25-09,0.0
India Plant,Carnival,25-09,0.0
US Plant,K5,25-09,0.0
US Plant,Sportage,25-09,0.0
US Plant,Sorento,25-09,0.0
US Plant,Telluride,25-09,0.0
US Plant,EV6,25-09,0.0
US Plant,EV9,25-09,0.0
China Plants,Pegas,25-09,0.0
China Plants,K3,25-09,0.0
China Plants,K3,25-09,0.0
China Plants,K5,25-09,0.0
China Plants,KX1,25-09,0.0
China Plants,Sonet,25-09,0.0
China Plants,KX3,25-09,0.0
China Plants,Zhipao,25-09,0.0
China Plants,EV5,25-09,0.0
China Plants,KX5,25-09,0.0
China Plants,Carnival,25-09,0.0
Slovakia Plant,Ceed,25-09,0.0
Slovakia Plant,Ceed CUV,25-09,0.0
Slovakia Plant,Sportage,25-09,0.0
Mexico Plant,Rio,25-09,0.0
Mexico Plant,K3,25-09,0.0
Mexico Plant,K4,25-09,0.0
Mexico Plant,Tucson,25-09,0.0
India Plant,Syros,25-09,0.0
India Plant,Sonet,25-09,0.0
India Plant,Seltos,25-09,0.0
India Plant,Carens,25-09,0.0
India Plant,Carnival,25-09,0.0
US Plant,K5,25-10,0.0
US Plant,Sportage,25-10,0.0
US Plant,Sorento,25-10,0.0
US Plant,Telluride,25-10,0.0
China Plant,Pegas,25-10,0.0
China Plant,K2,25-10,0.0
China Plant,Cerato,25-10,0.0
China Plant,K3,25-10,0.0
China Plant,K3,25-10,0.0
China Plant,K4,25-10,0.0
China Plant,K5,25-10,0.0
China Plant,KX1,25-10,0.0
China Plant,KX3,25-10,0.0
China Plant,Zhipao,25-10,0.0
China Plant,EV5,25-10,0.0
China Plant,KX5,25-10,0.0
China Plant,KX7,25-10,0.0
China Plant,Carnival,25-10,0.0
Slovakia Plant,Ceed,25-10,0.0
Slovakia Plant,Ceed CUV,25-10,0.0
Slovakia Plant,Sportage,25-10,0.0
Mexico Plant,Rio,25-10,0.0
Mexico Plant,K3,25-10,0.0
Mexico Plant,Accent,25-10,0.0
India Plant,Sonet,25-10,0.0
India Plant,Seltos,25-10,0.0
India Plant,Carens,25-10,0.0
India Plant,Carnival,25-10,0.0
US Plant,K5,25-10,0.0
US Plant,Sportage,25-10,0.0
US Plant,Sorento,25-10,0.0
US Plant,Telluride,25-10,0.0
US Plant,EV9,25-10,0.0
China Plants,Pegas,25-10,0.0
China Plants,K3,25-10,0.0
China Plants,K3,25-10,0.0
China Plants,K4,25-10,0.0
China Plants,K5,25-10,0.0
China Plants,KX1,25-10,0.0
China Plants,Sonet,25-10,0.0
China Plants,KX3,25-10,0.0
China Plants,Zhipao,25-10,0.0
China Plants,EV5,25-10,0.0
China Plants,KX5,25-10,0.0
China Plants,Carnival,25-10,0.0
Slovakia Plant,Ceed,25-10,0.0
Slovakia Plant,Ceed CUV,25-10,0.0
Slovakia Plant,Sportage,25-10,0.0
Mexico Plant,Rio,25-10,0.0
Mexico Plant,K3,25-10,0.0
Mexico Plant,K4,25-10,0.0
Mexico Plant,Tucson,25-10,0.0
India Plant,Sonet,25-10,0.0
India Plant,Seltos,25-10,0.0
India Plant,Carens,25-10,0.0
India Plant,Carnival,25-10,0.0
US Plant,K5,25-10,0.0
US Plant,Sportage,25-10,0.0
US Plant,Sorento,25-10,0.0
US Plant,Telluride,25-10,0.0
US Plant,EV6,25-10,0.0
US Plant,EV9,25-10,0.0
China Plants,Pegas,25-10,0.0
China Plants,K3,25-10,0.0
China Plants,K3,25-10,0.0
China Plants,K5,25-10,0.0
China Plants,KX1,25-10,0.0
China Plants,Sonet,25-10,0.0
China Plants,KX3,25-10,0.0
China Plants,Zhipao,25-10,0.0
China Plants,EV5,25-10,0.0
China Plants,KX5,25-10,0.0
China Plants,Carnival,25-10,0.0
Slovakia Plant,Ceed,25-10,0.0
Slovakia Plant,Ceed CUV,25-10,0.0
Slovakia Plant,Sportage,25-10,0.0
Mexico Plant,Rio,25-10,0.0
Mexico Plant,K3,25-10,0.0
Mexico Plant,K4,25-10,0.0
Mexico Plant,Tucson,25-10,0.0
India Plant,Syros,25-10,0.0
India Plant,Sonet,25-10,0.0
India Plant,Seltos,25-10,0.0
India Plant,Carens,25-10,0.0
India Plant,Carnival,25-10,0.0
US Plant,K5,25-11,0.0
US Plant,Sportage,25-11,0.0
US Plant,Sorento,25-11,0.0
US Plant,Telluride,25-11,0.0
China Plant,Pegas,25-11,0.0
China Plant,K2,25-11,0.0
China Plant,Cerato,25-11,0.0
China Plant,K3,25-11,0.0
China Plant,K3,25-11,0.0
China Plant,K4,25-11,0.0
China Plant,K5,25-11,0.0
China Plant,KX1,25-11,0.0
China Plant,KX3,25-11,0.0
China Plant,Zhipao,25-11,0.0
China Plant,EV5,25-11,0.0
China Plant,KX5,25-11,0.0
China Plant,KX7,25-11,0.0
China Plant,Carnival,25-11,0.0
Slovakia Plant,Ceed,25-11,0.0
Slovakia Plant,Ceed CUV,25-11,0.0
Slovakia Plant,Sportage,25-11,0.0
Mexico Plant,Rio,25-11,0.0
Mexico Plant,K3,25-11,0.0
Mexico Plant,Accent,25-11,0.0
India Plant,Sonet,25-11,0.0
India Plant,Seltos,25-11,0.0
India Plant,Carens,25-11,0.0
India Plant,Carnival,25-11,0.0
US Plant,K5,25-11,0.0
US Plant,Sportage,25-11,0.0
US Plant,Sorento,25-11,0.0
US Plant,Telluride,25-11,0.0
US Plant,EV9,25-11,0.0
China Plants,Pegas,25-11,0.0
China Plants,K3,25-11,0.0
China Plants,K3,25-11,0.0
China Plants,K4,25-11,0.0
China Plants,K5,25-11,0.0
China Plants,KX1,25-11,0.0
China Plants,Sonet,25-11,0.0
China Plants,KX3,25-11,0.0
China Plants,Zhipao,25-11,0.0
China Plants,EV5,25-11,0.0
China Plants,KX5,25-11,0.0
China Plants,Carnival,25-11,0.0
Slovakia Plant,Ceed,25-11,0.0
Slovakia Plant,Ceed CUV,25-11,0.0
Slovakia Plant,Sportage,25-11,0.0
Mexico Plant,Rio,25-11,0.0
Mexico Plant,K3,25-11,0.0
Mexico Plant,K4,25-11,0.0
Mexico Plant,Tucson,25-11,0.0
India Plant,Sonet,25-11,0.0
India Plant,Seltos,25-11,0.0
India Plant,Carens,25-11,0.0
India Plant,Carnival,25-11,0.0
US Plant,K5,25-11,0.0
US Plant,Sportage,25-11,0.0
US Plant,Sorento,25-11,0.0
US Plant,Telluride,25-11,0.0
US Plant,EV6,25-11,0.0
US Plant,EV9,25-11,0.0
China Plants,Pegas,25-11,0.0
China Plants,K3,25-11,0.0
China Plants,K3,25-11,0.0
China Plants,K5,25-11,0.0
China Plants,KX1,25-11,0.0
China Plants,Sonet,25-11,0.0
China Plants,KX3,25-11,0.0
China Plants,Zhipao,25-11,0.0
China Plants,EV5,25-11,0.0
China Plants,KX5,25-11,0.0
China Plants,Carnival,25-11,0.0
Slovakia Plant,Ceed,25-11,0.0
Slovakia Plant,Ceed CUV,25-11,0.0
Slovakia Plant,Sportage,25-11,0.0
Mexico Plant,Rio,25-11,0.0
Mexico Plant,K3,25-11,0.0
Mexico Plant,K4,25-11,0.0
Mexico Plant,Tucson,25-11,0.0
India Plant,Syros,25-11,0.0
India Plant,Sonet,25-11,0.0
India Plant,Seltos,25-11,0.0
India Plant,Carens,25-11,0.0
India Plant,Carnival,25-11,0.0
US Plant,K5,25-12,0.0
US Plant,Sportage,25-12,0.0
US Plant,Sorento,25-12,0.0
US Plant,Telluride,25-12,0.0
China Plant,Pegas,25-12,0.0
China Plant,K2,25-12,0.0
China Plant,Cerato,25-12,0.0
China Plant,K3,25-12,0.0
China Plant,K3,25-12,0.0
China Plant,K4,25-12,0.0
China Plant,K5,25-12,0.0
China Plant,KX1,25-12,0.0
China Plant,KX3,25-12,0.0
China Plant,Zhipao,25-12,0.0
China Plant,EV5,25-12,0.0
China Plant,KX5,25-12,0.0
China Plant,KX7,25-12,0.0
China Plant,Carnival,25-12,0.0
Slovakia Plant,Ceed,25-12,0.0
Slovakia Plant,Ceed CUV,25-12,0.0
Slovakia Plant,Sportage,25-12,0.0
Mexico Plant,Rio,25-12,0.0
Mexico Plant,K3,25-12,0.0
Mexico Plant,Accent,25-12,0.0
India Plant,Sonet,25-12,0.0
India Plant,Seltos,25-12,0.0
India Plant,Carens,25-12,0.0
India Plant,Carnival,25-12,0.0
US Plant,K5,25-12,0.0
US Plant,Sportage,25-12,0.0
US Plant,Sorento,25-12,0.0
US Plant,Telluride,25-12,0.0
US Plant,EV9,25-12,0.0
China Plants,Pegas,25-12,0.0
China Plants,K3,25-12,0.0
China Plants,K3,25-12,0.0
China Plants,K4,25-12,0.0
China Plants,K5,25-12,0.0
China Plants,KX1,25-12,0.0
China Plants,Sonet,25-12,0.0
China Plants,KX3,25-12,0.0
China Plants,Zhipao,25-12,0.0
China Plants,EV5,25-12,0.0
China Plants,KX5,25-12,0.0
China Plants,Carnival,25-12,0.0
Slovakia Plant,Ceed,25-12,0.0
Slovakia Plant,Ceed CUV,25-12,0.0
Slovakia Plant,Sportage,25-12,0.0
Mexico Plant,Rio,25-12,0.0
Mexico Plant,K3,25-12,0.0
Mexico Plant,K4,25-12,0.0
Mexico Plant,Tucson,25-12,0.0
India Plant,Sonet,25-12,0.0
India Plant,Seltos,25-12,0.0
India Plant,Carens,25-12,0.0
India Plant,Carnival,25-12,0.0
US Plant,K5,25-12,0.0
US Plant,Sportage,25-12,0.0
US Plant,Sorento,25-12,0.0
US Plant,Telluride,25-12,0.0
US Plant,EV6,25-12,0.0
US Plant,EV9,25-12,0.0
China Plants,Pegas,25-12,0.0
China Plants,K3,25-12,0.0
China Plants,K3,25-12,0.0
China Plants,K5,25-12,0.0
China Plants,KX1,25-12,0.0
China Plants,Sonet,25-12,0.0
China Plants,KX3,25-12,0.0
China Plants,Zhipao,25-12,0.0
China Plants,EV5,25-12,0.0
China Plants,KX5,25-12,0.0
China Plants,Carnival,25-12,0.0
Slovakia Plant,Ceed,25-12,0.0
Slovakia Plant,Ceed CUV,25-12,0.0
Slovakia Plant,Sportage,25-12,0.0
Mexico Plant,Rio,25-12,0.0
Mexico Plant,K3,25-12,0.0
Mexico Plant,K4,25-12,0.0
Mexico Plant,Tucson,25-12,0.0
India Plant,Syros,25-12,0.0
India Plant,Sonet,25-12,0.0
India Plant,Seltos,25-12,0.0
India Plant,Carens,25-12,0.0
India Plant,Carnival,25-12,0.0
