국가,차량 모델,연도,월,판매량
아시아-인도, Santro (AH2),2023,1월,0
아시아-인도, Xcent (BA 4DR),2023,1월,0
아시아-인도, Aura (AI3 4DR),2023,1월,4634
아시아-인도, NIOS (AI3 5DR),2023,1월,8760
아시아-인도, i20 (BI3 5DR),2023,1월,8185
아시아-인도, Verna (Hci),2023,1월,995
아시아-인도, Verna (BN7i),2023,1월,0
아시아-인도,Exter (AI3 SUV),2023,1월,0
아시아-인도, Venue (QXi),2023,1월,10738
아시아-인도, Creta (SU2i),2023,1월,15037
아시아-인도, Creta (SU2i LWB),2023,1월,1537
아시아-인도, Kona EV (OSi EV),2023,1월,40
아시아-인도,IONIQ5 (NEi),2023,1월,0
아시아-인도, Tucson (TLi),2023,1월,0
아시아-인도, Tucson (NX4i),2023,1월,180
아시아-중국,i10 (AC3),2023,1월,70
아시아-중국,i20 (BC3),2023,1월,2422
아시아-중국,Bayon (BC3 CUV),2023,1월,985
아시아-중국,i20 N (BC3 N),2023,1월,21
아시아-중국, Reina (CB),2023,1월,0
아시아-중국, Verna (YC),2023,1월,0
아시아-중국, Celesta (ID),2023,1월,764
아시아-중국, Elantra (CN7c),2023,1월,5212
아시아-중국, La festa (SQ),2023,1월,398
아시아-중국, La festa EV (SQ EV),2023,1월,0
아시아-중국, Mistra (DU2),2023,1월,8
아시아-중국, Mistra EV (DU2 EV),2023,1월,0
아시아-중국, Sonata (DN8c),2023,1월,165
아시아-중국, Custo (KU),2023,1월,447
아시아-중국, ix25 (SU2),2023,1월,0
아시아-중국, Tucson (NX4c),2023,1월,3874
아시아-중국, Tucson HEV (NX4c HEV),2023,1월,58
아시아-중국, ix35 (NU),2023,1월,4031
아시아-중국, ix35 (NU2),2023,1월,0
아시아-중국, Santa Fe (TMc),2023,1월,71
북미-미국,Elantra (CN7a),2023,1월,1781
북미-미국,Sonata (DN8a),2023,1월,0
북미-미국,Tucson (NX4a),2023,1월,10069
북미-미국,Tucson OB (NX4a OB),2023,1월,3165
북미-미국,Santa-Fe (TMa),2023,1월,7274
북미-미국,Santa-Fe HEV (TMa HEV),2023,1월,1417
북미-미국,GV70 (JKa),2023,1월,0
북미-미국,GV70 EV (Jka EV),2023,1월,0
동유럽,Solaris (HCr),2023,1월,0
동유럽,Creta (SU2r),2023,1월,0
동유럽,Kia Rio(FB),2023,1월,0
중남미,HB20 (BR2),2023,1월,4221
중남미,Creta (GSb),2023,1월,1019
중남미,Creta (SU2b),2023,1월,3886
아시아-기타,Stargazer (KS),2023,1월,994
아시아-기타,IONIQ5 (NE),2023,1월,242
아시아-기타,Santa-Fe (TMid),2023,1월,154
아시아-기타,Creta (SU2id),2023,1월,610
아시아-중국,HTBC,2023,1월,60
동유럽,CV,2023,1월,0
아시아-기타,i10(AI3v 4DR),2023,1월,198
아시아-기타,i10(AI3v 5DR),2023,1월,361
아시아-기타,Accent (HCv),2023,1월,891
아시아-기타,Elantra (ADv),2023,1월,0
아시아-기타,Elantra (CN7v),2023,1월,57
아시아-기타,Kona (OSv),2023,1월,0
아시아-기타,Creta (SU2v),2023,1월,0
아시아-기타,Tucson (TLv),2023,1월,0
아시아-기타,Tucson (NX4v),2023,1월,296
아시아-기타,Santa Fe (TMv),2023,1월,1058
아시아-기타,Santa Fe HEV (TMv HEV),2023,1월,0
아시아-기타,Palisade (LX2v),2023,1월,0
아시아-기타,Kusto (KUv),2023,1월,0
아시아-기타,IONIQ5 (NEv),2023,1월,0
아시아-기타,Porter (HRv),2023,1월,360
아시아-기타,Mighty (LTv),2023,1월,80
아시아-기타,Mighty (VTv),2023,1월,240
아시아-기타,Mighty (QTv),2023,1월,90
아시아-기타,Mighty (QTc),2023,1월,59
아시아-기타,Truck,2023,1월,79
아시아-기타,IONIQ5 (NE),2023,1월,0
아시아-인도, Xcent (AI3 4DR),2024,1월,5516
아시아-인도, Grand i10 (AI3 5DR),2024,1월,6865
아시아-인도, i20 (BI3 5DR),2024,1월,7083
아시아-인도, Verna (Hci),2024,1월,0
아시아-인도, Verna (BN7i),2024,1월,2168
아시아-인도,Exter (AI3 SUV),2024,1월,8229
아시아-인도, Venue (QXi),2024,1월,11831
아시아-인도, Creta (SU2i),2024,1월,13212
아시아-인도, Creta (SU2i LWB),2024,1월,1827
아시아-인도, Kona EV (OSi EV),2024,1월,102
아시아-인도, IONIQ5 (NEi),2024,1월,95
아시아-인도, Tucson (NX4i),2024,1월,183
아시아-중국,i10 (AC3),2024,1월,114
아시아-중국,i20 (BC3),2024,1월,1279
아시아-중국,Bayon (BC3 CUV),2024,1월,1186
아시아-중국,i20 N (BC3 N),2024,1월,49
아시아-중국, Elantra (CN7c),2024,1월,7008
아시아-중국, Sonata (DN8c),2024,1월,22
아시아-중국, Custo (KU),2024,1월,748
아시아-중국, Mufasa (NU2),2024,1월,2595
아시아-중국, La festa (SQ),2024,1월,52
아시아-중국, Verna (YC),2024,1월,0
아시아-중국, Celesta (ID),2024,1월,0
아시아-중국, Mistra (DU2),2024,1월,0
아시아-중국, Tucson (NX4c),2024,1월,3567
아시아-중국, Tucson HEV (NX4c HEV),2024,1월,1
아시아-중국, ix35 (NU),2024,1월,0
아시아-중국, Santa Fe (MX5c),2024,1월,0
아시아-중국, Santa Fe (TMc),2024,1월,60
북미-미국,Elantra (CN7a),2024,1월,0
북미-미국,Sonata (DN8a),2024,1월,0
북미-미국,Tucson (NX4a),2024,1월,15840
북미-미국,Tucson OB (NX4a OB),2024,1월,4644
북미-미국,Santa-Fe (TMa),2024,1월,1895
북미-미국,Santa-Fe HEV (TMa HEV),2024,1월,741
북미-미국,Santa-Fe (MX5a),2024,1월,1935
북미-미국,Santa-Fe (MX5a HEV),2024,1월,0
북미-미국,GV70 (JKa),2024,1월,3281
북미-미국,GV70 EV (Jka EV),2024,1월,204
북미-미국,Ioniq5 (NEa),2024,1월,0
동유럽,Solaris (HCr),2024,1월,0
동유럽,Creta (SU2r),2024,1월,0
중남미,HB20 (BR2),2024,1월,5752
중남미,Creta (GSb),2024,1월,534
중남미,Creta (SU2b),2024,1월,4139
아시아-기타,Stargazer (KS),2024,1월,1615
아시아-기타,Kona EV (SX2id EV) ,2024,1월,0
아시아-기타,IONIQ5 (NE),2024,1월,752
아시아-기타,IONIQ5 (NEid N),2024,1월,0
아시아-기타,Santa-Fe (TMid),2024,1월,116
아시아-기타,Santa-Fe (MX5id),2024,1월,0
아시아-기타,Santa-Fe (MX5id HEV),2024,1월,0
아시아-기타,Creta (SU2id),2024,1월,1013
아시아-중국,HTBC,2024,1월,50
북미-멕시코,NX4m,2024,1월,0
북미-멕시코,HCm,2024,1월,0
동유럽,CV,2024,1월,0
아시아-기타,i10(AI3v 4DR),2024,1월,30
아시아-기타,i10(AI3v 5DR),2024,1월,387
아시아-기타,Accent (HCv),2024,1월,896
아시아-기타,Accent (BN7v),2024,1월,0
아시아-기타,Elantra (CN7v),2024,1월,151
아시아-기타,Venue (QXv),2024,1월,60
아시아-기타,Creta (SU2v),2024,1월,388
아시아-기타,Tucson (NX4v),2024,1월,174
아시아-기타,Santa Fe (TMv),2024,1월,57
아시아-기타,Santa Fe HEV (TMv HEV),2024,1월,30
아시아-기타,Palisade (LX2v),2024,1월,186
아시아-기타,Kusto (KUv),2024,1월,422
아시아-기타,IONIQ5 (NEv),2024,1월,30
아시아-기타,Porter (HRv),2024,1월,268
아시아-기타,Mighty (LTv),2024,1월,157
아시아-기타,Mighty (VTv),2024,1월,180
아시아-기타,Mighty (QTv),2024,1월,30
아시아-기타,Mighty (QTc),2024,1월,0
아시아-기타,Santa Fe (MX5v),2024,1월,0
아시아-기타,IONIQ5 (NE),2024,1월,0
아시아-기타,IONIQ6 (CE),2024,1월,0
아시아-인도, Xcent (AI3 4DR),2025,1월,5388
아시아-인도, Grand i10 (AI3 5DR),2025,1월,5311
아시아-인도, i20 (BI3 5DR),2025,1월,4741
아시아-인도, Verna (Hci),2025,1월,0
아시아-인도, Verna (BN7i),2025,1월,1477
아시아-인도,Exter (AI3 SUV),2025,1월,6068
아시아-인도, Venue (QXi),2025,1월,11106
아시아-인도, Creta (SU2i),2025,1월,16787
아시아-인도, Creta (SU2i EV),2025,1월,1735
아시아-인도, Creta (SU2i LWB),2025,1월,1310
아시아-인도, Kona EV (OSi EV),2025,1월,0
아시아-인도, IONIQ5 (NEi),2025,1월,16
아시아-인도, Tucson (NX4i),2025,1월,64
아시아-중국,i10 (AC3),2025,1월,83
아시아-중국,i20 (BC3),2025,1월,1690
아시아-중국,Bayon (BC3 CUV),2025,1월,1588
아시아-중국,i20 N (BC3 N),2025,1월,0
아시아-중국, Elantra (CN7c),2025,1월,5390
아시아-중국, Sonata (DN8c),2025,1월,1207
아시아-중국, Custo (KU),2025,1월,864
아시아-중국, Mufasa (NU2),2025,1월,1922
아시아-중국, La festa (SQ),2025,1월,1
아시아-중국, Verna (YC),2025,1월,0
아시아-중국, Celesta (ID),2025,1월,0
아시아-중국, Mistra (DU2),2025,1월,0
아시아-중국, Tucson (NX4c),2025,1월,1485
아시아-중국, Tucson HEV (NX4c HEV),2025,1월,0
아시아-중국, ix35 (NU),2025,1월,0
아시아-중국, Santa Fe (MX5c),2025,1월,151
아시아-중국, Santa Fe (TMc),2025,1월,1
북미-미국,Elantra (CN7a),2025,1월,0
북미-미국,Sonata (DN8a),2025,1월,0
북미-미국,Tucson (NX4a),2025,1월,8303
북미-미국,Tucson OB (NX4a OB),2025,1월,1720
북미-미국,Santa-Fe (TMa),2025,1월,0
북미-미국,Santa-Fe HEV (TMa HEV),2025,1월,0
북미-미국,Santa-Fe (MX5a),2025,1월,6052
북미-미국,Santa-Fe (MX5a HEV),2025,1월,2325
북미-미국,GV70 (JKa),2025,1월,1930
북미-미국,GV70 EV (Jka EV),2025,1월,227
북미-미국,Ioniq5 (NEa),2025,1월,1623
중남미,HB20 (BR2),2025,1월,5104
중남미,Creta (GSb),2025,1월,0
중남미,Creta (SU2b),2025,1월,4712
아시아-기타,Stargazer (KS),2025,1월,201
아시아-기타,Kona EV (SX2id EV) ,2025,1월,61
아시아-기타,IONIQ5 (NEid),2025,1월,0
아시아-기타,IONIQ5 (NEid N),2025,1월,10
아시아-기타,Santa-Fe (TMid),2025,1월,0
아시아-기타,Santa-Fe (MX5id),2025,1월,73
아시아-기타,Santa-Fe (MX5id HEV),2025,1월,121
아시아-기타,Creta (SU2id),2025,1월,634
아시아-중국,HTBC,2025,1월,10
북미-멕시코,NX4m,2025,1월,0
북미-멕시코,HCm,2025,1월,0
아시아-기타,i10(AI3v 4DR),2025,1월,91
아시아-기타,i10(AI3v 5DR),2025,1월,275
아시아-기타,Accent (HCv),2025,1월,0
아시아-기타,Accent (BN7v),2025,1월,800
아시아-기타,Elantra (CN7v),2025,1월,119
아시아-기타,Venue (QXv),2025,1월,299
아시아-기타,Creta (SU2v),2025,1월,812
아시아-기타,Tucson (NX4v),2025,1월,673
아시아-기타,Santa Fe (TMv),2025,1월,0
아시아-기타,Santa Fe HEV (TMv HEV),2025,1월,0
아시아-기타,Palisade (LX2v),2025,1월,88
아시아-기타,Kusto (KUv),2025,1월,187
아시아-기타,IONIQ5 (NEv),2025,1월,0
아시아-기타,Porter (HRv),2025,1월,395
아시아-기타,Mighty (LTv),2025,1월,129
아시아-기타,Mighty (VTv),2025,1월,120
아시아-기타,County (CSv),2025,1월,66
아시아-기타,Solati (Euv),2025,1월,257
아시아-기타,Santa Fe (MX5v),2025,1월,731
아시아-기타,IONIQ5 (NE),2025,1월,4
아시아-기타,IONIQ6 (CE),2025,1월,9
아시아-인도, Santro (AH2),2023,2월,0
아시아-인도, Xcent (BA 4DR),2023,2월,0
아시아-인도, Aura (AI3 4DR),2023,2월,5524
아시아-인도, NIOS (AI3 5DR),2023,2월,9635
아시아-인도, i20 (BI3 5DR),2023,2월,9287
아시아-인도, Verna (Hci),2023,2월,47
아시아-인도, Verna (BN7i),2023,2월,0
아시아-인도,Exter (AI3 SUV),2023,2월,0
아시아-인도, Venue (QXi),2023,2월,9997
아시아-인도, Creta (SU2i),2023,2월,10421
아시아-인도, Creta (SU2i LWB),2023,2월,1559
아시아-인도, Kona EV (OSi EV),2023,2월,0
아시아-인도,IONIQ5 (NEi),2023,2월,33
아시아-인도, Tucson (TLi),2023,2월,0
아시아-인도, Tucson (NX4i),2023,2월,498
아시아-중국,i10 (AC3),2023,2월,63
아시아-중국,i20 (BC3),2023,2월,2004
아시아-중국,Bayon (BC3 CUV),2023,2월,1257
아시아-중국,i20 N (BC3 N),2023,2월,19
아시아-중국, Reina (CB),2023,2월,0
아시아-중국, Verna (YC),2023,2월,0
아시아-중국, Celesta (ID),2023,2월,1116
아시아-중국, Elantra (CN7c),2023,2월,6891
아시아-중국, La festa (SQ),2023,2월,614
아시아-중국, La festa EV (SQ EV),2023,2월,0
아시아-중국, Mistra (DU2),2023,2월,1
아시아-중국, Mistra EV (DU2 EV),2023,2월,0
아시아-중국, Sonata (DN8c),2023,2월,224
아시아-중국, Custo (KU),2023,2월,463
아시아-중국, ix25 (SU2),2023,2월,0
아시아-중국, Tucson (NX4c),2023,2월,3404
아시아-중국, Tucson HEV (NX4c HEV),2023,2월,11
아시아-중국, ix35 (NU),2023,2월,4123
아시아-중국, ix35 (NU2),2023,2월,0
아시아-중국, Santa Fe (TMc),2023,2월,156
북미-미국,Elantra (CN7a),2023,2월,2218
북미-미국,Sonata (DN8a),2023,2월,0
북미-미국,Tucson (NX4a),2023,2월,12699
북미-미국,Tucson OB (NX4a OB),2023,2월,3296
북미-미국,Santa-Fe (TMa),2023,2월,9749
북미-미국,Santa-Fe HEV (TMa HEV),2023,2월,1631
북미-미국,GV70 (JKa),2023,2월,0
북미-미국,GV70 EV (Jka EV),2023,2월,24
동유럽,Solaris (HCr),2023,2월,0
동유럽,Creta (SU2r),2023,2월,0
동유럽,Kia Rio(FB),2023,2월,0
중남미,HB20 (BR2),2023,2월,6910
중남미,Creta (GSb),2023,2월,973
중남미,Creta (SU2b),2023,2월,3634
아시아-기타,Stargazer (KS),2023,2월,2009
아시아-기타,IONIQ5 (NE),2023,2월,201
아시아-기타,Santa-Fe (TMid),2023,2월,110
아시아-기타,Creta (SU2id),2023,2월,680
아시아-중국,HTBC,2023,2월,80
동유럽,CV,2023,2월,0
아시아-기타,i10(AI3v 4DR),2023,2월,51
아시아-기타,i10(AI3v 5DR),2023,2월,653
아시아-기타,Accent (HCv),2023,2월,1571
아시아-기타,Elantra (ADv),2023,2월,0
아시아-기타,Elantra (CN7v),2023,2월,147
아시아-기타,Kona (OSv),2023,2월,0
아시아-기타,Creta (SU2v),2023,2월,0
아시아-기타,Tucson (TLv),2023,2월,0
아시아-기타,Tucson (NX4v),2023,2월,763
아시아-기타,Santa Fe (TMv),2023,2월,528
아시아-기타,Santa Fe HEV (TMv HEV),2023,2월,0
아시아-기타,Palisade (LX2v),2023,2월,0
아시아-기타,Kusto (KUv),2023,2월,0
아시아-기타,IONIQ5 (NEv),2023,2월,0
아시아-기타,Porter (HRv),2023,2월,90
아시아-기타,Mighty (LTv),2023,2월,130
아시아-기타,Mighty (VTv),2023,2월,300
아시아-기타,Mighty (QTv),2023,2월,0
아시아-기타,Mighty (QTc),2023,2월,1
아시아-기타,Truck,2023,2월,192
아시아-기타,IONIQ5 (NE),2023,2월,0
아시아-인도, Xcent (AI3 4DR),2024,2월,5053
아시아-인도, Grand i10 (AI3 5DR),2024,2월,4947
아시아-인도, i20 (BI3 5DR),2024,2월,5131
아시아-인도, Verna (Hci),2024,2월,0
아시아-인도, Verna (BN7i),2024,2월,1678
아시아-인도,Exter (AI3 SUV),2024,2월,7582
아시아-인도, Venue (QXi),2024,2월,8933
아시아-인도, Creta (SU2i),2024,2월,15276
아시아-인도, Creta (SU2i LWB),2024,2월,1290
아시아-인도, Kona EV (OSi EV),2024,2월,86
아시아-인도, IONIQ5 (NEi),2024,2월,66
아시아-인도, Tucson (NX4i),2024,2월,157
아시아-중국,i10 (AC3),2024,2월,181
아시아-중국,i20 (BC3),2024,2월,966
아시아-중국,Bayon (BC3 CUV),2024,2월,1441
아시아-중국,i20 N (BC3 N),2024,2월,51
아시아-중국, Elantra (CN7c),2024,2월,6631
아시아-중국, Sonata (DN8c),2024,2월,273
아시아-중국, Custo (KU),2024,2월,423
아시아-중국, Mufasa (NU2),2024,2월,2012
아시아-중국, La festa (SQ),2024,2월,10
아시아-중국, Verna (YC),2024,2월,0
아시아-중국, Celesta (ID),2024,2월,0
아시아-중국, Mistra (DU2),2024,2월,0
아시아-중국, Tucson (NX4c),2024,2월,2741
아시아-중국, Tucson HEV (NX4c HEV),2024,2월,0
아시아-중국, ix35 (NU),2024,2월,0
아시아-중국, Santa Fe (MX5c),2024,2월,0
아시아-중국, Santa Fe (TMc),2024,2월,20
북미-미국,Elantra (CN7a),2024,2월,0
북미-미국,Sonata (DN8a),2024,2월,0
북미-미국,Tucson (NX4a),2024,2월,11553
북미-미국,Tucson OB (NX4a OB),2024,2월,3729
북미-미국,Santa-Fe (TMa),2024,2월,35
북미-미국,Santa-Fe HEV (TMa HEV),2024,2월,19
북미-미국,Santa-Fe (MX5a),2024,2월,8882
북미-미국,Santa-Fe (MX5a HEV),2024,2월,0
북미-미국,GV70 (JKa),2024,2월,1565
북미-미국,GV70 EV (Jka EV),2024,2월,180
북미-미국,Ioniq5 (NEa),2024,2월,0
동유럽,Solaris (HCr),2024,2월,0
동유럽,Creta (SU2r),2024,2월,0
중남미,HB20 (BR2),2024,2월,6756
중남미,Creta (GSb),2024,2월,877
중남미,Creta (SU2b),2024,2월,3261
아시아-기타,Stargazer (KS),2024,2월,1964
아시아-기타,Kona EV (SX2id EV) ,2024,2월,0
아시아-기타,IONIQ5 (NE),2024,2월,236
아시아-기타,IONIQ5 (NEid N),2024,2월,0
아시아-기타,Santa-Fe (TMid),2024,2월,23
아시아-기타,Santa-Fe (MX5id),2024,2월,0
아시아-기타,Santa-Fe (MX5id HEV),2024,2월,0
아시아-기타,Creta (SU2id),2024,2월,877
아시아-중국,HTBC,2024,2월,50
북미-멕시코,NX4m,2024,2월,0
북미-멕시코,HCm,2024,2월,0
동유럽,CV,2024,2월,0
아시아-기타,i10(AI3v 4DR),2024,2월,120
아시아-기타,i10(AI3v 5DR),2024,2월,359
아시아-기타,Accent (HCv),2024,2월,775
아시아-기타,Accent (BN7v),2024,2월,0
아시아-기타,Elantra (CN7v),2024,2월,90
아시아-기타,Venue (QXv),2024,2월,4
아시아-기타,Creta (SU2v),2024,2월,316
아시아-기타,Tucson (NX4v),2024,2월,153
아시아-기타,Santa Fe (TMv),2024,2월,394
아시아-기타,Santa Fe HEV (TMv HEV),2024,2월,0
아시아-기타,Palisade (LX2v),2024,2월,208
아시아-기타,Kusto (KUv),2024,2월,207
아시아-기타,IONIQ5 (NEv),2024,2월,0
아시아-기타,Porter (HRv),2024,2월,181
아시아-기타,Mighty (LTv),2024,2월,113
아시아-기타,Mighty (VTv),2024,2월,12
아시아-기타,Mighty (QTv),2024,2월,30
아시아-기타,Mighty (QTc),2024,2월,0
아시아-기타,Santa Fe (MX5v),2024,2월,0
아시아-기타,IONIQ5 (NE),2024,2월,0
아시아-기타,IONIQ6 (CE),2024,2월,0
아시아-인도, Xcent (AI3 4DR),2025,2월,0
아시아-인도, Grand i10 (AI3 5DR),2025,2월,0
아시아-인도, i20 (BI3 5DR),2025,2월,0
아시아-인도, Verna (Hci),2025,2월,0
아시아-인도, Verna (BN7i),2025,2월,0
아시아-인도,Exter (AI3 SUV),2025,2월,0
아시아-인도, Venue (QXi),2025,2월,0
아시아-인도, Creta (SU2i),2025,2월,0
아시아-인도, Creta (SU2i EV),2025,2월,0
아시아-인도, Creta (SU2i LWB),2025,2월,0
아시아-인도, Kona EV (OSi EV),2025,2월,0
아시아-인도, IONIQ5 (NEi),2025,2월,0
아시아-인도, Tucson (NX4i),2025,2월,0
아시아-중국,i10 (AC3),2025,2월,0
아시아-중국,i20 (BC3),2025,2월,0
아시아-중국,Bayon (BC3 CUV),2025,2월,0
아시아-중국,i20 N (BC3 N),2025,2월,0
아시아-중국, Elantra (CN7c),2025,2월,0
아시아-중국, Sonata (DN8c),2025,2월,0
아시아-중국, Custo (KU),2025,2월,0
아시아-중국, Mufasa (NU2),2025,2월,0
아시아-중국, La festa (SQ),2025,2월,0
아시아-중국, Verna (YC),2025,2월,0
아시아-중국, Celesta (ID),2025,2월,0
아시아-중국, Mistra (DU2),2025,2월,0
아시아-중국, Tucson (NX4c),2025,2월,0
아시아-중국, Tucson HEV (NX4c HEV),2025,2월,0
아시아-중국, ix35 (NU),2025,2월,0
아시아-중국, Santa Fe (MX5c),2025,2월,0
아시아-중국, Santa Fe (TMc),2025,2월,0
북미-미국,Elantra (CN7a),2025,2월,0
북미-미국,Sonata (DN8a),2025,2월,0
북미-미국,Tucson (NX4a),2025,2월,0
북미-미국,Tucson OB (NX4a OB),2025,2월,0
북미-미국,Santa-Fe (TMa),2025,2월,0
북미-미국,Santa-Fe HEV (TMa HEV),2025,2월,0
북미-미국,Santa-Fe (MX5a),2025,2월,0
북미-미국,Santa-Fe (MX5a HEV),2025,2월,0
북미-미국,GV70 (JKa),2025,2월,0
북미-미국,GV70 EV (Jka EV),2025,2월,0
북미-미국,Ioniq5 (NEa),2025,2월,0
중남미,HB20 (BR2),2025,2월,0
중남미,Creta (GSb),2025,2월,0
중남미,Creta (SU2b),2025,2월,0
아시아-기타,Stargazer (KS),2025,2월,0
아시아-기타,Kona EV (SX2id EV) ,2025,2월,0
아시아-기타,IONIQ5 (NEid),2025,2월,0
아시아-기타,IONIQ5 (NEid N),2025,2월,0
아시아-기타,Santa-Fe (TMid),2025,2월,0
아시아-기타,Santa-Fe (MX5id),2025,2월,0
아시아-기타,Santa-Fe (MX5id HEV),2025,2월,0
아시아-기타,Creta (SU2id),2025,2월,0
아시아-중국,HTBC,2025,2월,0
북미-멕시코,NX4m,2025,2월,0
북미-멕시코,HCm,2025,2월,0
아시아-기타,i10(AI3v 4DR),2025,2월,0
아시아-기타,i10(AI3v 5DR),2025,2월,0
아시아-기타,Accent (HCv),2025,2월,0
아시아-기타,Accent (BN7v),2025,2월,0
아시아-기타,Elantra (CN7v),2025,2월,0
아시아-기타,Venue (QXv),2025,2월,0
아시아-기타,Creta (SU2v),2025,2월,0
아시아-기타,Tucson (NX4v),2025,2월,0
아시아-기타,Santa Fe (TMv),2025,2월,0
아시아-기타,Santa Fe HEV (TMv HEV),2025,2월,0
아시아-기타,Palisade (LX2v),2025,2월,0
아시아-기타,Kusto (KUv),2025,2월,0
아시아-기타,IONIQ5 (NEv),2025,2월,0
아시아-기타,Porter (HRv),2025,2월,0
아시아-기타,Mighty (LTv),2025,2월,0
아시아-기타,Mighty (VTv),2025,2월,0
아시아-기타,County (CSv),2025,2월,0
아시아-기타,Solati (Euv),2025,2월,0
아시아-기타,Santa Fe (MX5v),2025,2월,0
아시아-기타,IONIQ5 (NE),2025,2월,0
아시아-기타,IONIQ6 (CE),2025,2월,0
아시아-인도, Santro (AH2),2023,3월,0
아시아-인도, Xcent (BA 4DR),2023,3월,0
아시아-인도, Aura (AI3 4DR),2023,3월,3774
아시아-인도, NIOS (AI3 5DR),2023,3월,9304
아시아-인도, i20 (BI3 5DR),2023,3월,6596
아시아-인도, Verna (Hci),2023,3월,0
아시아-인도, Verna (BN7i),2023,3월,3755
아시아-인도,Exter (AI3 SUV),2023,3월,0
아시아-인도, Venue (QXi),2023,3월,10024
아시아-인도, Creta (SU2i),2023,3월,14026
아시아-인도, Creta (SU2i LWB),2023,3월,2519
아시아-인도, Kona EV (OSi EV),2023,3월,0
아시아-인도,IONIQ5 (NEi),2023,3월,21
아시아-인도, Tucson (TLi),2023,3월,0
아시아-인도, Tucson (NX4i),2023,3월,581
아시아-중국,i10 (AC3),2023,3월,71
아시아-중국,i20 (BC3),2023,3월,2243
아시아-중국,Bayon (BC3 CUV),2023,3월,1257
아시아-중국,i20 N (BC3 N),2023,3월,20
아시아-중국, Reina (CB),2023,3월,0
아시아-중국, Verna (YC),2023,3월,0
아시아-중국, Celesta (ID),2023,3월,1560
아시아-중국, Elantra (CN7c),2023,3월,12425
아시아-중국, La festa (SQ),2023,3월,519
아시아-중국, La festa EV (SQ EV),2023,3월,0
아시아-중국, Mistra (DU2),2023,3월,1
아시아-중국, Mistra EV (DU2 EV),2023,3월,0
아시아-중국, Sonata (DN8c),2023,3월,212
아시아-중국, Custo (KU),2023,3월,788
아시아-중국, ix25 (SU2),2023,3월,0
아시아-중국, Tucson (NX4c),2023,3월,6019
아시아-중국, Tucson HEV (NX4c HEV),2023,3월,8
아시아-중국, ix35 (NU),2023,3월,5115
아시아-중국, ix35 (NU2),2023,3월,0
아시아-중국, Santa Fe (TMc),2023,3월,366
북미-미국,Elantra (CN7a),2023,3월,3005
북미-미국,Sonata (DN8a),2023,3월,0
북미-미국,Tucson (NX4a),2023,3월,15337
북미-미국,Tucson OB (NX4a OB),2023,3월,3603
북미-미국,Santa-Fe (TMa),2023,3월,9443
북미-미국,Santa-Fe HEV (TMa HEV),2023,3월,1722
북미-미국,GV70 (JKa),2023,3월,0
북미-미국,GV70 EV (Jka EV),2023,3월,184
동유럽,Solaris (HCr),2023,3월,0
동유럽,Creta (SU2r),2023,3월,0
동유럽,Kia Rio(FB),2023,3월,0
중남미,HB20 (BR2),2023,3월,10531
중남미,Creta (GSb),2023,3월,1387
중남미,Creta (SU2b),2023,3월,4174
아시아-기타,Stargazer (KS),2023,3월,1772
아시아-기타,IONIQ5 (NE),2023,3월,649
아시아-기타,Santa-Fe (TMid),2023,3월,27
아시아-기타,Creta (SU2id),2023,3월,1052
아시아-중국,HTBC,2023,3월,52
동유럽,CV,2023,3월,0
아시아-기타,i10(AI3v 4DR),2023,3월,74
아시아-기타,i10(AI3v 5DR),2023,3월,640
아시아-기타,Accent (HCv),2023,3월,1670
아시아-기타,Elantra (ADv),2023,3월,0
아시아-기타,Elantra (CN7v),2023,3월,297
아시아-기타,Kona (OSv),2023,3월,0
아시아-기타,Creta (SU2v),2023,3월,0
아시아-기타,Tucson (TLv),2023,3월,0
아시아-기타,Tucson (NX4v),2023,3월,954
아시아-기타,Santa Fe (TMv),2023,3월,413
아시아-기타,Santa Fe HEV (TMv HEV),2023,3월,0
아시아-기타,Palisade (LX2v),2023,3월,0
아시아-기타,Kusto (KUv),2023,3월,0
아시아-기타,IONIQ5 (NEv),2023,3월,0
아시아-기타,Porter (HRv),2023,3월,450
아시아-기타,Mighty (LTv),2023,3월,209
아시아-기타,Mighty (VTv),2023,3월,120
아시아-기타,Mighty (QTv),2023,3월,30
아시아-기타,Mighty (QTc),2023,3월,60
아시아-기타,Truck,2023,3월,219
아시아-기타,IONIQ5 (NE),2023,3월,0
아시아-인도, Xcent (AI3 4DR),2024,3월,4883
아시아-인도, Grand i10 (AI3 5DR),2024,3월,5034
아시아-인도, i20 (BI3 5DR),2024,3월,5155
아시아-인도, Verna (Hci),2024,3월,0
아시아-인도, Verna (BN7i),2024,3월,1712
아시아-인도,Exter (AI3 SUV),2024,3월,8475
아시아-인도, Venue (QXi),2024,3월,9614
아시아-인도, Creta (SU2i),2024,3월,16458
아시아-인도, Creta (SU2i LWB),2024,3월,1420
아시아-인도, Kona EV (OSi EV),2024,3월,71
아시아-인도, IONIQ5 (NEi),2024,3월,65
아시아-인도, Tucson (NX4i),2024,3월,110
아시아-중국,i10 (AC3),2024,3월,179
아시아-중국,i20 (BC3),2024,3월,1529
아시아-중국,Bayon (BC3 CUV),2024,3월,1200
아시아-중국,i20 N (BC3 N),2024,3월,50
아시아-중국, Elantra (CN7c),2024,3월,12105
아시아-중국, Sonata (DN8c),2024,3월,1103
아시아-중국, Custo (KU),2024,3월,891
아시아-중국, Mufasa (NU2),2024,3월,3779
아시아-중국, La festa (SQ),2024,3월,326
아시아-중국, Verna (YC),2024,3월,0
아시아-중국, Celesta (ID),2024,3월,0
아시아-중국, Mistra (DU2),2024,3월,0
아시아-중국, Tucson (NX4c),2024,3월,2740
아시아-중국, Tucson HEV (NX4c HEV),2024,3월,0
아시아-중국, ix35 (NU),2024,3월,0
아시아-중국, Santa Fe (MX5c),2024,3월,0
아시아-중국, Santa Fe (TMc),2024,3월,59
북미-미국,Elantra (CN7a),2024,3월,0
북미-미국,Sonata (DN8a),2024,3월,0
북미-미국,Tucson (NX4a),2024,3월,12313
북미-미국,Tucson OB (NX4a OB),2024,3월,2786
북미-미국,Santa-Fe (TMa),2024,3월,3
북미-미국,Santa-Fe HEV (TMa HEV),2024,3월,4
북미-미국,Santa-Fe (MX5a),2024,3월,11326
북미-미국,Santa-Fe (MX5a HEV),2024,3월,40
북미-미국,GV70 (JKa),2024,3월,625
북미-미국,GV70 EV (Jka EV),2024,3월,192
북미-미국,Ioniq5 (NEa),2024,3월,0
동유럽,Solaris (HCr),2024,3월,0
동유럽,Creta (SU2r),2024,3월,0
중남미,HB20 (BR2),2024,3월,10697
중남미,Creta (GSb),2024,3월,362
중남미,Creta (SU2b),2024,3월,4320
아시아-기타,Stargazer (KS),2024,3월,1063
아시아-기타,Kona EV (SX2id EV) ,2024,3월,0
아시아-기타,IONIQ5 (NE),2024,3월,28
아시아-기타,IONIQ5 (NEid N),2024,3월,0
아시아-기타,Santa-Fe (TMid),2024,3월,22
아시아-기타,Santa-Fe (MX5id),2024,3월,0
아시아-기타,Santa-Fe (MX5id HEV),2024,3월,0
아시아-기타,Creta (SU2id),2024,3월,584
아시아-중국,HTBC,2024,3월,91
북미-멕시코,NX4m,2024,3월,0
북미-멕시코,HCm,2024,3월,0
동유럽,CV,2024,3월,0
아시아-기타,i10(AI3v 4DR),2024,3월,118
아시아-기타,i10(AI3v 5DR),2024,3월,301
아시아-기타,Accent (HCv),2024,3월,1178
아시아-기타,Accent (BN7v),2024,3월,0
아시아-기타,Elantra (CN7v),2024,3월,87
아시아-기타,Venue (QXv),2024,3월,316
아시아-기타,Creta (SU2v),2024,3월,821
아시아-기타,Tucson (NX4v),2024,3월,325
아시아-기타,Santa Fe (TMv),2024,3월,448
아시아-기타,Santa Fe HEV (TMv HEV),2024,3월,5
아시아-기타,Palisade (LX2v),2024,3월,96
아시아-기타,Kusto (KUv),2024,3월,89
아시아-기타,IONIQ5 (NEv),2024,3월,0
아시아-기타,Porter (HRv),2024,3월,297
아시아-기타,Mighty (LTv),2024,3월,150
아시아-기타,Mighty (VTv),2024,3월,168
아시아-기타,Mighty (QTv),2024,3월,0
아시아-기타,Mighty (QTc),2024,3월,30
아시아-기타,Santa Fe (MX5v),2024,3월,0
아시아-기타,IONIQ5 (NE),2024,3월,0
아시아-기타,IONIQ6 (CE),2024,3월,0
아시아-인도, Xcent (AI3 4DR),2025,3월,0
아시아-인도, Grand i10 (AI3 5DR),2025,3월,0
아시아-인도, i20 (BI3 5DR),2025,3월,0
아시아-인도, Verna (Hci),2025,3월,0
아시아-인도, Verna (BN7i),2025,3월,0
아시아-인도,Exter (AI3 SUV),2025,3월,0
아시아-인도, Venue (QXi),2025,3월,0
아시아-인도, Creta (SU2i),2025,3월,0
아시아-인도, Creta (SU2i EV),2025,3월,0
아시아-인도, Creta (SU2i LWB),2025,3월,0
아시아-인도, Kona EV (OSi EV),2025,3월,0
아시아-인도, IONIQ5 (NEi),2025,3월,0
아시아-인도, Tucson (NX4i),2025,3월,0
아시아-중국,i10 (AC3),2025,3월,0
아시아-중국,i20 (BC3),2025,3월,0
아시아-중국,Bayon (BC3 CUV),2025,3월,0
아시아-중국,i20 N (BC3 N),2025,3월,0
아시아-중국, Elantra (CN7c),2025,3월,0
아시아-중국, Sonata (DN8c),2025,3월,0
아시아-중국, Custo (KU),2025,3월,0
아시아-중국, Mufasa (NU2),2025,3월,0
아시아-중국, La festa (SQ),2025,3월,0
아시아-중국, Verna (YC),2025,3월,0
아시아-중국, Celesta (ID),2025,3월,0
아시아-중국, Mistra (DU2),2025,3월,0
아시아-중국, Tucson (NX4c),2025,3월,0
아시아-중국, Tucson HEV (NX4c HEV),2025,3월,0
아시아-중국, ix35 (NU),2025,3월,0
아시아-중국, Santa Fe (MX5c),2025,3월,0
아시아-중국, Santa Fe (TMc),2025,3월,0
북미-미국,Elantra (CN7a),2025,3월,0
북미-미국,Sonata (DN8a),2025,3월,0
북미-미국,Tucson (NX4a),2025,3월,0
북미-미국,Tucson OB (NX4a OB),2025,3월,0
북미-미국,Santa-Fe (TMa),2025,3월,0
북미-미국,Santa-Fe HEV (TMa HEV),2025,3월,0
북미-미국,Santa-Fe (MX5a),2025,3월,0
북미-미국,Santa-Fe (MX5a HEV),2025,3월,0
북미-미국,GV70 (JKa),2025,3월,0
북미-미국,GV70 EV (Jka EV),2025,3월,0
북미-미국,Ioniq5 (NEa),2025,3월,0
중남미,HB20 (BR2),2025,3월,0
중남미,Creta (GSb),2025,3월,0
중남미,Creta (SU2b),2025,3월,0
아시아-기타,Stargazer (KS),2025,3월,0
아시아-기타,Kona EV (SX2id EV) ,2025,3월,0
아시아-기타,IONIQ5 (NEid),2025,3월,0
아시아-기타,IONIQ5 (NEid N),2025,3월,0
아시아-기타,Santa-Fe (TMid),2025,3월,0
아시아-기타,Santa-Fe (MX5id),2025,3월,0
아시아-기타,Santa-Fe (MX5id HEV),2025,3월,0
아시아-기타,Creta (SU2id),2025,3월,0
아시아-중국,HTBC,2025,3월,0
북미-멕시코,NX4m,2025,3월,0
북미-멕시코,HCm,2025,3월,0
아시아-기타,i10(AI3v 4DR),2025,3월,0
아시아-기타,i10(AI3v 5DR),2025,3월,0
아시아-기타,Accent (HCv),2025,3월,0
아시아-기타,Accent (BN7v),2025,3월,0
아시아-기타,Elantra (CN7v),2025,3월,0
아시아-기타,Venue (QXv),2025,3월,0
아시아-기타,Creta (SU2v),2025,3월,0
아시아-기타,Tucson (NX4v),2025,3월,0
아시아-기타,Santa Fe (TMv),2025,3월,0
아시아-기타,Santa Fe HEV (TMv HEV),2025,3월,0
아시아-기타,Palisade (LX2v),2025,3월,0
아시아-기타,Kusto (KUv),2025,3월,0
아시아-기타,IONIQ5 (NEv),2025,3월,0
아시아-기타,Porter (HRv),2025,3월,0
아시아-기타,Mighty (LTv),2025,3월,0
아시아-기타,Mighty (VTv),2025,3월,0
아시아-기타,County (CSv),2025,3월,0
아시아-기타,Solati (Euv),2025,3월,0
아시아-기타,Santa Fe (MX5v),2025,3월,0
아시아-기타,IONIQ5 (NE),2025,3월,0
아시아-기타,IONIQ6 (CE),2025,3월,0
아시아-인도, Santro (AH2),2023,4월,0
아시아-인도, Xcent (BA 4DR),2023,4월,0
아시아-인도, Aura (AI3 4DR),2023,4월,5085
아시아-인도, NIOS (AI3 5DR),2023,4월,6839
아시아-인도, i20 (BI3 5DR),2023,4월,6472
아시아-인도, Verna (Hci),2023,4월,0
아시아-인도, Verna (BN7i),2023,4월,4001
아시아-인도,Exter (AI3 SUV),2023,4월,0
아시아-인도, Venue (QXi),2023,4월,10342
아시아-인도, Creta (SU2i),2023,4월,14186
아시아-인도, Creta (SU2i LWB),2023,4월,2037
아시아-인도, Kona EV (OSi EV),2023,4월,0
아시아-인도,IONIQ5 (NEi),2023,4월,189
아시아-인도, Tucson (TLi),2023,4월,0
아시아-인도, Tucson (NX4i),2023,4월,550
아시아-중국,i10 (AC3),2023,4월,0
아시아-중국,i20 (BC3),2023,4월,1756
아시아-중국,Bayon (BC3 CUV),2023,4월,985
아시아-중국,i20 N (BC3 N),2023,4월,30
아시아-중국, Reina (CB),2023,4월,0
아시아-중국, Verna (YC),2023,4월,0
아시아-중국, Celesta (ID),2023,4월,165
아시아-중국, Elantra (CN7c),2023,4월,7340
아시아-중국, La festa (SQ),2023,4월,159
아시아-중국, La festa EV (SQ EV),2023,4월,0
아시아-중국, Mistra (DU2),2023,4월,2
아시아-중국, Mistra EV (DU2 EV),2023,4월,0
아시아-중국, Sonata (DN8c),2023,4월,170
아시아-중국, Custo (KU),2023,4월,1348
아시아-중국, ix25 (SU2),2023,4월,0
아시아-중국, Tucson (NX4c),2023,4월,3372
아시아-중국, Tucson HEV (NX4c HEV),2023,4월,7
아시아-중국, ix35 (NU),2023,4월,2952
아시아-중국, ix35 (NU2),2023,4월,0
아시아-중국, Santa Fe (TMc),2023,4월,488
북미-미국,Elantra (CN7a),2023,4월,2983
북미-미국,Sonata (DN8a),2023,4월,0
북미-미국,Tucson (NX4a),2023,4월,11864
북미-미국,Tucson OB (NX4a OB),2023,4월,3509
북미-미국,Santa-Fe (TMa),2023,4월,8684
북미-미국,Santa-Fe HEV (TMa HEV),2023,4월,1628
북미-미국,GV70 (JKa),2023,4월,0
북미-미국,GV70 EV (Jka EV),2023,4월,295
동유럽,Solaris (HCr),2023,4월,0
동유럽,Creta (SU2r),2023,4월,0
동유럽,Kia Rio(FB),2023,4월,0
중남미,HB20 (BR2),2023,4월,6754
중남미,Creta (GSb),2023,4월,904
중남미,Creta (SU2b),2023,4월,3692
아시아-기타,Stargazer (KS),2023,4월,574
아시아-기타,IONIQ5 (NE),2023,4월,950
아시아-기타,Santa-Fe (TMid),2023,4월,128
아시아-기타,Creta (SU2id),2023,4월,429
아시아-중국,HTBC,2023,4월,40
동유럽,CV,2023,4월,0
아시아-기타,i10(AI3v 4DR),2023,4월,30
아시아-기타,i10(AI3v 5DR),2023,4월,562
아시아-기타,Accent (HCv),2023,4월,933
아시아-기타,Elantra (ADv),2023,4월,0
아시아-기타,Elantra (CN7v),2023,4월,290
아시아-기타,Kona (OSv),2023,4월,0
아시아-기타,Creta (SU2v),2023,4월,0
아시아-기타,Tucson (TLv),2023,4월,0
아시아-기타,Tucson (NX4v),2023,4월,470
아시아-기타,Santa Fe (TMv),2023,4월,259
아시아-기타,Santa Fe HEV (TMv HEV),2023,4월,0
아시아-기타,Palisade (LX2v),2023,4월,0
아시아-기타,Kusto (KUv),2023,4월,0
아시아-기타,IONIQ5 (NEv),2023,4월,0
아시아-기타,Porter (HRv),2023,4월,346
아시아-기타,Mighty (LTv),2023,4월,121
아시아-기타,Mighty (VTv),2023,4월,0
아시아-기타,Mighty (QTv),2023,4월,0
아시아-기타,Mighty (QTc),2023,4월,0
아시아-기타,Truck,2023,4월,192
아시아-기타,IONIQ5 (NE),2023,4월,0
아시아-인도, Xcent (AI3 4DR),2024,4월,4526
아시아-인도, Grand i10 (AI3 5DR),2024,4월,5117
아시아-인도, i20 (BI3 5DR),2024,4월,5199
아시아-인도, Verna (Hci),2024,4월,0
아시아-인도, Verna (BN7i),2024,4월,1571
아시아-인도,Exter (AI3 SUV),2024,4월,7756
아시아-인도, Venue (QXi),2024,4월,9120
아시아-인도, Creta (SU2i),2024,4월,15447
아시아-인도, Creta (SU2i LWB),2024,4월,1219
아시아-인도, Kona EV (OSi EV),2024,4월,0
아시아-인도, IONIQ5 (NEi),2024,4월,45
아시아-인도, Tucson (NX4i),2024,4월,201
아시아-중국,i10 (AC3),2024,4월,217
아시아-중국,i20 (BC3),2024,4월,1903
아시아-중국,Bayon (BC3 CUV),2024,4월,1157
아시아-중국,i20 N (BC3 N),2024,4월,50
아시아-중국, Elantra (CN7c),2024,4월,5301
아시아-중국, Sonata (DN8c),2024,4월,2038
아시아-중국, Custo (KU),2024,4월,482
아시아-중국, Mufasa (NU2),2024,4월,624
아시아-중국, La festa (SQ),2024,4월,604
아시아-중국, Verna (YC),2024,4월,0
아시아-중국, Celesta (ID),2024,4월,0
아시아-중국, Mistra (DU2),2024,4월,0
아시아-중국, Tucson (NX4c),2024,4월,897
아시아-중국, Tucson HEV (NX4c HEV),2024,4월,0
아시아-중국, ix35 (NU),2024,4월,0
아시아-중국, Santa Fe (MX5c),2024,4월,0
아시아-중국, Santa Fe (TMc),2024,4월,55
북미-미국,Elantra (CN7a),2024,4월,0
북미-미국,Sonata (DN8a),2024,4월,0
북미-미국,Tucson (NX4a),2024,4월,11016
북미-미국,Tucson OB (NX4a OB),2024,4월,3196
북미-미국,Santa-Fe (TMa),2024,4월,2
북미-미국,Santa-Fe HEV (TMa HEV),2024,4월,0
북미-미국,Santa-Fe (MX5a),2024,4월,10577
북미-미국,Santa-Fe (MX5a HEV),2024,4월,4044
북미-미국,GV70 (JKa),2024,4월,3120
북미-미국,GV70 EV (Jka EV),2024,4월,184
북미-미국,Ioniq5 (NEa),2024,4월,0
동유럽,Solaris (HCr),2024,4월,0
동유럽,Creta (SU2r),2024,4월,0
중남미,HB20 (BR2),2024,4월,10386
중남미,Creta (GSb),2024,4월,1005
중남미,Creta (SU2b),2024,4월,4472
아시아-기타,Stargazer (KS),2024,4월,755
아시아-기타,Kona EV (SX2id EV) ,2024,4월,0
아시아-기타,IONIQ5 (NE),2024,4월,27
아시아-기타,IONIQ5 (NEid N),2024,4월,0
아시아-기타,Santa-Fe (TMid),2024,4월,37
아시아-기타,Santa-Fe (MX5id),2024,4월,0
아시아-기타,Santa-Fe (MX5id HEV),2024,4월,0
아시아-기타,Creta (SU2id),2024,4월,220
아시아-중국,HTBC,2024,4월,94
북미-멕시코,NX4m,2024,4월,0
북미-멕시코,HCm,2024,4월,0
동유럽,CV,2024,4월,0
아시아-기타,i10(AI3v 4DR),2024,4월,2
아시아-기타,i10(AI3v 5DR),2024,4월,28
아시아-기타,Accent (HCv),2024,4월,357
아시아-기타,Accent (BN7v),2024,4월,0
아시아-기타,Elantra (CN7v),2024,4월,130
아시아-기타,Venue (QXv),2024,4월,508
아시아-기타,Creta (SU2v),2024,4월,570
아시아-기타,Tucson (NX4v),2024,4월,458
아시아-기타,Santa Fe (TMv),2024,4월,349
아시아-기타,Santa Fe HEV (TMv HEV),2024,4월,30
아시아-기타,Palisade (LX2v),2024,4월,120
아시아-기타,Kusto (KUv),2024,4월,152
아시아-기타,IONIQ5 (NEv),2024,4월,0
아시아-기타,Porter (HRv),2024,4월,70
아시아-기타,Mighty (LTv),2024,4월,240
아시아-기타,Mighty (VTv),2024,4월,266
아시아-기타,Mighty (QTv),2024,4월,0
아시아-기타,Mighty (QTc),2024,4월,21
아시아-기타,Santa Fe (MX5v),2024,4월,0
아시아-기타,IONIQ5 (NE),2024,4월,0
아시아-기타,IONIQ6 (CE),2024,4월,0
아시아-인도, Xcent (AI3 4DR),2025,4월,0
아시아-인도, Grand i10 (AI3 5DR),2025,4월,0
아시아-인도, i20 (BI3 5DR),2025,4월,0
아시아-인도, Verna (Hci),2025,4월,0
아시아-인도, Verna (BN7i),2025,4월,0
아시아-인도,Exter (AI3 SUV),2025,4월,0
아시아-인도, Venue (QXi),2025,4월,0
아시아-인도, Creta (SU2i),2025,4월,0
아시아-인도, Creta (SU2i EV),2025,4월,0
아시아-인도, Creta (SU2i LWB),2025,4월,0
아시아-인도, Kona EV (OSi EV),2025,4월,0
아시아-인도, IONIQ5 (NEi),2025,4월,0
아시아-인도, Tucson (NX4i),2025,4월,0
아시아-중국,i10 (AC3),2025,4월,0
아시아-중국,i20 (BC3),2025,4월,0
아시아-중국,Bayon (BC3 CUV),2025,4월,0
아시아-중국,i20 N (BC3 N),2025,4월,0
아시아-중국, Elantra (CN7c),2025,4월,0
아시아-중국, Sonata (DN8c),2025,4월,0
아시아-중국, Custo (KU),2025,4월,0
아시아-중국, Mufasa (NU2),2025,4월,0
아시아-중국, La festa (SQ),2025,4월,0
아시아-중국, Verna (YC),2025,4월,0
아시아-중국, Celesta (ID),2025,4월,0
아시아-중국, Mistra (DU2),2025,4월,0
아시아-중국, Tucson (NX4c),2025,4월,0
아시아-중국, Tucson HEV (NX4c HEV),2025,4월,0
아시아-중국, ix35 (NU),2025,4월,0
아시아-중국, Santa Fe (MX5c),2025,4월,0
아시아-중국, Santa Fe (TMc),2025,4월,0
북미-미국,Elantra (CN7a),2025,4월,0
북미-미국,Sonata (DN8a),2025,4월,0
북미-미국,Tucson (NX4a),2025,4월,0
북미-미국,Tucson OB (NX4a OB),2025,4월,0
북미-미국,Santa-Fe (TMa),2025,4월,0
북미-미국,Santa-Fe HEV (TMa HEV),2025,4월,0
북미-미국,Santa-Fe (MX5a),2025,4월,0
북미-미국,Santa-Fe (MX5a HEV),2025,4월,0
북미-미국,GV70 (JKa),2025,4월,0
북미-미국,GV70 EV (Jka EV),2025,4월,0
북미-미국,Ioniq5 (NEa),2025,4월,0
중남미,HB20 (BR2),2025,4월,0
중남미,Creta (GSb),2025,4월,0
중남미,Creta (SU2b),2025,4월,0
아시아-기타,Stargazer (KS),2025,4월,0
아시아-기타,Kona EV (SX2id EV) ,2025,4월,0
아시아-기타,IONIQ5 (NEid),2025,4월,0
아시아-기타,IONIQ5 (NEid N),2025,4월,0
아시아-기타,Santa-Fe (TMid),2025,4월,0
아시아-기타,Santa-Fe (MX5id),2025,4월,0
아시아-기타,Santa-Fe (MX5id HEV),2025,4월,0
아시아-기타,Creta (SU2id),2025,4월,0
아시아-중국,HTBC,2025,4월,0
북미-멕시코,NX4m,2025,4월,0
북미-멕시코,HCm,2025,4월,0
아시아-기타,i10(AI3v 4DR),2025,4월,0
아시아-기타,i10(AI3v 5DR),2025,4월,0
아시아-기타,Accent (HCv),2025,4월,0
아시아-기타,Accent (BN7v),2025,4월,0
아시아-기타,Elantra (CN7v),2025,4월,0
아시아-기타,Venue (QXv),2025,4월,0
아시아-기타,Creta (SU2v),2025,4월,0
아시아-기타,Tucson (NX4v),2025,4월,0
아시아-기타,Santa Fe (TMv),2025,4월,0
아시아-기타,Santa Fe HEV (TMv HEV),2025,4월,0
아시아-기타,Palisade (LX2v),2025,4월,0
아시아-기타,Kusto (KUv),2025,4월,0
아시아-기타,IONIQ5 (NEv),2025,4월,0
아시아-기타,Porter (HRv),2025,4월,0
아시아-기타,Mighty (LTv),2025,4월,0
아시아-기타,Mighty (VTv),2025,4월,0
아시아-기타,County (CSv),2025,4월,0
아시아-기타,Solati (Euv),2025,4월,0
아시아-기타,Santa Fe (MX5v),2025,4월,0
아시아-기타,IONIQ5 (NE),2025,4월,0
아시아-기타,IONIQ6 (CE),2025,4월,0
아시아-인도, Santro (AH2),2023,5월,0
아시아-인도, Xcent (BA 4DR),2023,5월,0
아시아-인도, Aura (AI3 4DR),2023,5월,4707
아시아-인도, NIOS (AI3 5DR),2023,5월,6385
아시아-인도, i20 (BI3 5DR),2023,5월,6094
아시아-인도, Verna (Hci),2023,5월,0
아시아-인도, Verna (BN7i),2023,5월,3687
아시아-인도,Exter (AI3 SUV),2023,5월,0
아시아-인도, Venue (QXi),2023,5월,10213
아시아-인도, Creta (SU2i),2023,5월,14449
아시아-인도, Creta (SU2i LWB),2023,5월,2443
아시아-인도, Kona EV (OSi EV),2023,5월,84
아시아-인도,IONIQ5 (NEi),2023,5월,160
아시아-인도, Tucson (TLi),2023,5월,0
아시아-인도, Tucson (NX4i),2023,5월,379
아시아-중국,i10 (AC3),2023,5월,0
아시아-중국,i20 (BC3),2023,5월,1679
아시아-중국,Bayon (BC3 CUV),2023,5월,1701
아시아-중국,i20 N (BC3 N),2023,5월,15
아시아-중국, Reina (CB),2023,5월,0
아시아-중국, Verna (YC),2023,5월,0
아시아-중국, Celesta (ID),2023,5월,0
아시아-중국, Elantra (CN7c),2023,5월,9612
아시아-중국, La festa (SQ),2023,5월,124
아시아-중국, La festa EV (SQ EV),2023,5월,0
아시아-중국, Mistra (DU2),2023,5월,2
아시아-중국, Mistra EV (DU2 EV),2023,5월,0
아시아-중국, Sonata (DN8c),2023,5월,293
아시아-중국, Custo (KU),2023,5월,1121
아시아-중국, ix25 (SU2),2023,5월,0
아시아-중국, Tucson (NX4c),2023,5월,5417
아시아-중국, Tucson HEV (NX4c HEV),2023,5월,7
아시아-중국, ix35 (NU),2023,5월,544
아시아-중국, ix35 (NU2),2023,5월,1905
아시아-중국, Santa Fe (TMc),2023,5월,237
북미-미국,Elantra (CN7a),2023,5월,3021
북미-미국,Sonata (DN8a),2023,5월,0
북미-미국,Tucson (NX4a),2023,5월,13972
북미-미국,Tucson OB (NX4a OB),2023,5월,3499
북미-미국,Santa-Fe (TMa),2023,5월,8422
북미-미국,Santa-Fe HEV (TMa HEV),2023,5월,1607
북미-미국,GV70 (JKa),2023,5월,0
북미-미국,GV70 EV (Jka EV),2023,5월,180
동유럽,Solaris (HCr),2023,5월,0
동유럽,Creta (SU2r),2023,5월,0
동유럽,Kia Rio(FB),2023,5월,0
중남미,HB20 (BR2),2023,5월,4688
중남미,Creta (GSb),2023,5월,246
중남미,Creta (SU2b),2023,5월,4371
아시아-기타,Stargazer (KS),2023,5월,1005
아시아-기타,IONIQ5 (NE),2023,5월,974
아시아-기타,Santa-Fe (TMid),2023,5월,86
아시아-기타,Creta (SU2id),2023,5월,999
아시아-중국,HTBC,2023,5월,49
동유럽,CV,2023,5월,0
아시아-기타,i10(AI3v 4DR),2023,5월,179
아시아-기타,i10(AI3v 5DR),2023,5월,150
아시아-기타,Accent (HCv),2023,5월,1525
아시아-기타,Elantra (ADv),2023,5월,0
아시아-기타,Elantra (CN7v),2023,5월,332
아시아-기타,Kona (OSv),2023,5월,0
아시아-기타,Creta (SU2v),2023,5월,567
아시아-기타,Tucson (TLv),2023,5월,0
아시아-기타,Tucson (NX4v),2023,5월,675
아시아-기타,Santa Fe (TMv),2023,5월,295
아시아-기타,Santa Fe HEV (TMv HEV),2023,5월,0
아시아-기타,Palisade (LX2v),2023,5월,0
아시아-기타,Kusto (KUv),2023,5월,0
아시아-기타,IONIQ5 (NEv),2023,5월,0
아시아-기타,Porter (HRv),2023,5월,208
아시아-기타,Mighty (LTv),2023,5월,60
아시아-기타,Mighty (VTv),2023,5월,150
아시아-기타,Mighty (QTv),2023,5월,0
아시아-기타,Mighty (QTc),2023,5월,0
아시아-기타,Truck,2023,5월,147
아시아-기타,IONIQ5 (NE),2023,5월,0
아시아-인도, Xcent (AI3 4DR),2024,5월,4433
아시아-인도, Grand i10 (AI3 5DR),2024,5월,5328
아시아-인도, i20 (BI3 5DR),2024,5월,5169
아시아-인도, Verna (Hci),2024,5월,0
아시아-인도, Verna (BN7i),2024,5월,1381
아시아-인도,Exter (AI3 SUV),2024,5월,7697
아시아-인도, Venue (QXi),2024,5월,9327
아시아-인도, Creta (SU2i),2024,5월,14662
아시아-인도, Creta (SU2i LWB),2024,5월,944
아시아-인도, Kona EV (OSi EV),2024,5월,0
아시아-인도, IONIQ5 (NEi),2024,5월,42
아시아-인도, Tucson (NX4i),2024,5월,168
아시아-중국,i10 (AC3),2024,5월,20
아시아-중국,i20 (BC3),2024,5월,2207
아시아-중국,Bayon (BC3 CUV),2024,5월,1061
아시아-중국,i20 N (BC3 N),2024,5월,0
아시아-중국, Elantra (CN7c),2024,5월,7129
아시아-중국, Sonata (DN8c),2024,5월,2088
아시아-중국, Custo (KU),2024,5월,1047
아시아-중국, Mufasa (NU2),2024,5월,908
아시아-중국, La festa (SQ),2024,5월,0
아시아-중국, Verna (YC),2024,5월,0
아시아-중국, Celesta (ID),2024,5월,0
아시아-중국, Mistra (DU2),2024,5월,0
아시아-중국, Tucson (NX4c),2024,5월,1791
아시아-중국, Tucson HEV (NX4c HEV),2024,5월,0
아시아-중국, ix35 (NU),2024,5월,0
아시아-중국, Santa Fe (MX5c),2024,5월,0
아시아-중국, Santa Fe (TMc),2024,5월,37
북미-미국,Elantra (CN7a),2024,5월,0
북미-미국,Sonata (DN8a),2024,5월,0
북미-미국,Tucson (NX4a),2024,5월,6689
북미-미국,Tucson OB (NX4a OB),2024,5월,3427
북미-미국,Santa-Fe (TMa),2024,5월,0
북미-미국,Santa-Fe HEV (TMa HEV),2024,5월,0
북미-미국,Santa-Fe (MX5a),2024,5월,10474
북미-미국,Santa-Fe (MX5a HEV),2024,5월,4278
북미-미국,GV70 (JKa),2024,5월,2325
북미-미국,GV70 EV (Jka EV),2024,5월,190
북미-미국,Ioniq5 (NEa),2024,5월,0
동유럽,Solaris (HCr),2024,5월,0
동유럽,Creta (SU2r),2024,5월,0
중남미,HB20 (BR2),2024,5월,10483
중남미,Creta (GSb),2024,5월,890
중남미,Creta (SU2b),2024,5월,4485
아시아-기타,Stargazer (KS),2024,5월,589
아시아-기타,Kona EV (SX2id EV) ,2024,5월,0
아시아-기타,IONIQ5 (NE),2024,5월,11
아시아-기타,IONIQ5 (NEid N),2024,5월,0
아시아-기타,Santa-Fe (TMid),2024,5월,27
아시아-기타,Santa-Fe (MX5id),2024,5월,0
아시아-기타,Santa-Fe (MX5id HEV),2024,5월,0
아시아-기타,Creta (SU2id),2024,5월,193
아시아-중국,HTBC,2024,5월,83
북미-멕시코,NX4m,2024,5월,0
북미-멕시코,HCm,2024,5월,0
동유럽,CV,2024,5월,0
아시아-기타,i10(AI3v 4DR),2024,5월,0
아시아-기타,i10(AI3v 5DR),2024,5월,5
아시아-기타,Accent (HCv),2024,5월,4
아시아-기타,Accent (BN7v),2024,5월,623
아시아-기타,Elantra (CN7v),2024,5월,255
아시아-기타,Venue (QXv),2024,5월,698
아시아-기타,Creta (SU2v),2024,5월,660
아시아-기타,Tucson (NX4v),2024,5월,535
아시아-기타,Santa Fe (TMv),2024,5월,840
아시아-기타,Santa Fe HEV (TMv HEV),2024,5월,0
아시아-기타,Palisade (LX2v),2024,5월,270
아시아-기타,Kusto (KUv),2024,5월,410
아시아-기타,IONIQ5 (NEv),2024,5월,0
아시아-기타,Porter (HRv),2024,5월,447
아시아-기타,Mighty (LTv),2024,5월,90
아시아-기타,Mighty (VTv),2024,5월,154
아시아-기타,Mighty (QTv),2024,5월,30
아시아-기타,Mighty (QTc),2024,5월,39
아시아-기타,Santa Fe (MX5v),2024,5월,0
아시아-기타,IONIQ5 (NE),2024,5월,0
아시아-기타,IONIQ6 (CE),2024,5월,0
아시아-인도, Xcent (AI3 4DR),2025,5월,0
아시아-인도, Grand i10 (AI3 5DR),2025,5월,0
아시아-인도, i20 (BI3 5DR),2025,5월,0
아시아-인도, Verna (Hci),2025,5월,0
아시아-인도, Verna (BN7i),2025,5월,0
아시아-인도,Exter (AI3 SUV),2025,5월,0
아시아-인도, Venue (QXi),2025,5월,0
아시아-인도, Creta (SU2i),2025,5월,0
아시아-인도, Creta (SU2i EV),2025,5월,0
아시아-인도, Creta (SU2i LWB),2025,5월,0
아시아-인도, Kona EV (OSi EV),2025,5월,0
아시아-인도, IONIQ5 (NEi),2025,5월,0
아시아-인도, Tucson (NX4i),2025,5월,0
아시아-중국,i10 (AC3),2025,5월,0
아시아-중국,i20 (BC3),2025,5월,0
아시아-중국,Bayon (BC3 CUV),2025,5월,0
아시아-중국,i20 N (BC3 N),2025,5월,0
아시아-중국, Elantra (CN7c),2025,5월,0
아시아-중국, Sonata (DN8c),2025,5월,0
아시아-중국, Custo (KU),2025,5월,0
아시아-중국, Mufasa (NU2),2025,5월,0
아시아-중국, La festa (SQ),2025,5월,0
아시아-중국, Verna (YC),2025,5월,0
아시아-중국, Celesta (ID),2025,5월,0
아시아-중국, Mistra (DU2),2025,5월,0
아시아-중국, Tucson (NX4c),2025,5월,0
아시아-중국, Tucson HEV (NX4c HEV),2025,5월,0
아시아-중국, ix35 (NU),2025,5월,0
아시아-중국, Santa Fe (MX5c),2025,5월,0
아시아-중국, Santa Fe (TMc),2025,5월,0
북미-미국,Elantra (CN7a),2025,5월,0
북미-미국,Sonata (DN8a),2025,5월,0
북미-미국,Tucson (NX4a),2025,5월,0
북미-미국,Tucson OB (NX4a OB),2025,5월,0
북미-미국,Santa-Fe (TMa),2025,5월,0
북미-미국,Santa-Fe HEV (TMa HEV),2025,5월,0
북미-미국,Santa-Fe (MX5a),2025,5월,0
북미-미국,Santa-Fe (MX5a HEV),2025,5월,0
북미-미국,GV70 (JKa),2025,5월,0
북미-미국,GV70 EV (Jka EV),2025,5월,0
북미-미국,Ioniq5 (NEa),2025,5월,0
중남미,HB20 (BR2),2025,5월,0
중남미,Creta (GSb),2025,5월,0
중남미,Creta (SU2b),2025,5월,0
아시아-기타,Stargazer (KS),2025,5월,0
아시아-기타,Kona EV (SX2id EV) ,2025,5월,0
아시아-기타,IONIQ5 (NEid),2025,5월,0
아시아-기타,IONIQ5 (NEid N),2025,5월,0
아시아-기타,Santa-Fe (TMid),2025,5월,0
아시아-기타,Santa-Fe (MX5id),2025,5월,0
아시아-기타,Santa-Fe (MX5id HEV),2025,5월,0
아시아-기타,Creta (SU2id),2025,5월,0
아시아-중국,HTBC,2025,5월,0
북미-멕시코,NX4m,2025,5월,0
북미-멕시코,HCm,2025,5월,0
아시아-기타,i10(AI3v 4DR),2025,5월,0
아시아-기타,i10(AI3v 5DR),2025,5월,0
아시아-기타,Accent (HCv),2025,5월,0
아시아-기타,Accent (BN7v),2025,5월,0
아시아-기타,Elantra (CN7v),2025,5월,0
아시아-기타,Venue (QXv),2025,5월,0
아시아-기타,Creta (SU2v),2025,5월,0
아시아-기타,Tucson (NX4v),2025,5월,0
아시아-기타,Santa Fe (TMv),2025,5월,0
아시아-기타,Santa Fe HEV (TMv HEV),2025,5월,0
아시아-기타,Palisade (LX2v),2025,5월,0
아시아-기타,Kusto (KUv),2025,5월,0
아시아-기타,IONIQ5 (NEv),2025,5월,0
아시아-기타,Porter (HRv),2025,5월,0
아시아-기타,Mighty (LTv),2025,5월,0
아시아-기타,Mighty (VTv),2025,5월,0
아시아-기타,County (CSv),2025,5월,0
아시아-기타,Solati (Euv),2025,5월,0
아시아-기타,Santa Fe (MX5v),2025,5월,0
아시아-기타,IONIQ5 (NE),2025,5월,0
아시아-기타,IONIQ6 (CE),2025,5월,0
아시아-인도, Santro (AH2),2023,6월,0
아시아-인도, Xcent (BA 4DR),2023,6월,0
아시아-인도, Aura (AI3 4DR),2023,6월,4907
아시아-인도, NIOS (AI3 5DR),2023,6월,6321
아시아-인도, i20 (BI3 5DR),2023,6월,6162
아시아-인도, Verna (Hci),2023,6월,0
아시아-인도, Verna (BN7i),2023,6월,4001
아시아-인도,Exter (AI3 SUV),2023,6월,0
아시아-인도, Venue (QXi),2023,6월,11606
아시아-인도, Creta (SU2i),2023,6월,14447
아시아-인도, Creta (SU2i LWB),2023,6월,2119
아시아-인도, Kona EV (OSi EV),2023,6월,75
아시아-인도,IONIQ5 (NEi),2023,6월,100
아시아-인도, Tucson (TLi),2023,6월,0
아시아-인도, Tucson (NX4i),2023,6월,263
아시아-중국,i10 (AC3),2023,6월,210
아시아-중국,i20 (BC3),2023,6월,1276
아시아-중국,Bayon (BC3 CUV),2023,6월,1701
아시아-중국,i20 N (BC3 N),2023,6월,26
아시아-중국, Reina (CB),2023,6월,0
아시아-중국, Verna (YC),2023,6월,0
아시아-중국, Celesta (ID),2023,6월,0
아시아-중국, Elantra (CN7c),2023,6월,10598
아시아-중국, La festa (SQ),2023,6월,396
아시아-중국, La festa EV (SQ EV),2023,6월,0
아시아-중국, Mistra (DU2),2023,6월,1
아시아-중국, Mistra EV (DU2 EV),2023,6월,0
아시아-중국, Sonata (DN8c),2023,6월,298
아시아-중국, Custo (KU),2023,6월,1279
아시아-중국, ix25 (SU2),2023,6월,0
아시아-중국, Tucson (NX4c),2023,6월,6099
아시아-중국, Tucson HEV (NX4c HEV),2023,6월,3
아시아-중국, ix35 (NU),2023,6월,702
아시아-중국, ix35 (NU2),2023,6월,4452
아시아-중국, Santa Fe (TMc),2023,6월,190
북미-미국,Elantra (CN7a),2023,6월,215
북미-미국,Sonata (DN8a),2023,6월,0
북미-미국,Tucson (NX4a),2023,6월,12618
북미-미국,Tucson OB (NX4a OB),2023,6월,2844
북미-미국,Santa-Fe (TMa),2023,6월,10459
북미-미국,Santa-Fe HEV (TMa HEV),2023,6월,1949
북미-미국,GV70 (JKa),2023,6월,0
북미-미국,GV70 EV (Jka EV),2023,6월,87
동유럽,Solaris (HCr),2023,6월,0
동유럽,Creta (SU2r),2023,6월,0
동유럽,Kia Rio(FB),2023,6월,0
중남미,HB20 (BR2),2023,6월,13613
중남미,Creta (GSb),2023,6월,493
중남미,Creta (SU2b),2023,6월,3397
아시아-기타,Stargazer (KS),2023,6월,513
아시아-기타,IONIQ5 (NE),2023,6월,1023
아시아-기타,Santa-Fe (TMid),2023,6월,65
아시아-기타,Creta (SU2id),2023,6월,559
아시아-중국,HTBC,2023,6월,61
동유럽,CV,2023,6월,0
아시아-기타,i10(AI3v 4DR),2023,6월,0
아시아-기타,i10(AI3v 5DR),2023,6월,428
아시아-기타,Accent (HCv),2023,6월,785
아시아-기타,Elantra (ADv),2023,6월,0
아시아-기타,Elantra (CN7v),2023,6월,53
아시아-기타,Kona (OSv),2023,6월,0
아시아-기타,Creta (SU2v),2023,6월,1148
아시아-기타,Tucson (TLv),2023,6월,0
아시아-기타,Tucson (NX4v),2023,6월,32
아시아-기타,Santa Fe (TMv),2023,6월,22
아시아-기타,Santa Fe HEV (TMv HEV),2023,6월,0
아시아-기타,Palisade (LX2v),2023,6월,0
아시아-기타,Kusto (KUv),2023,6월,0
아시아-기타,IONIQ5 (NEv),2023,6월,0
아시아-기타,Porter (HRv),2023,6월,191
아시아-기타,Mighty (LTv),2023,6월,60
아시아-기타,Mighty (VTv),2023,6월,149
아시아-기타,Mighty (QTv),2023,6월,0
아시아-기타,Mighty (QTc),2023,6월,0
아시아-기타,Truck,2023,6월,180
아시아-기타,IONIQ5 (NE),2023,6월,33
아시아-인도, Xcent (AI3 4DR),2024,6월,4299
아시아-인도, Grand i10 (AI3 5DR),2024,6월,4948
아시아-인도, i20 (BI3 5DR),2024,6월,5315
아시아-인도, Verna (Hci),2024,6월,0
아시아-인도, Verna (BN7i),2024,6월,1424
아시아-인도,Exter (AI3 SUV),2024,6월,6908
아시아-인도, Venue (QXi),2024,6월,9890
아시아-인도, Creta (SU2i),2024,6월,16293
아시아-인도, Creta (SU2i LWB),2024,6월,882
아시아-인도, Kona EV (OSi EV),2024,6월,0
아시아-인도, IONIQ5 (NEi),2024,6월,30
아시아-인도, Tucson (NX4i),2024,6월,114
아시아-중국,i10 (AC3),2024,6월,3
아시아-중국,i20 (BC3),2024,6월,1774
아시아-중국,Bayon (BC3 CUV),2024,6월,1536
아시아-중국,i20 N (BC3 N),2024,6월,174
아시아-중국, Elantra (CN7c),2024,6월,5845
아시아-중국, Sonata (DN8c),2024,6월,1913
아시아-중국, Custo (KU),2024,6월,905
아시아-중국, Mufasa (NU2),2024,6월,991
아시아-중국, La festa (SQ),2024,6월,0
아시아-중국, Verna (YC),2024,6월,0
아시아-중국, Celesta (ID),2024,6월,0
아시아-중국, Mistra (DU2),2024,6월,0
아시아-중국, Tucson (NX4c),2024,6월,1750
아시아-중국, Tucson HEV (NX4c HEV),2024,6월,0
아시아-중국, ix35 (NU),2024,6월,0
아시아-중국, Santa Fe (MX5c),2024,6월,0
아시아-중국, Santa Fe (TMc),2024,6월,7
북미-미국,Elantra (CN7a),2024,6월,0
북미-미국,Sonata (DN8a),2024,6월,0
북미-미국,Tucson (NX4a),2024,6월,12834
북미-미국,Tucson OB (NX4a OB),2024,6월,2193
북미-미국,Santa-Fe (TMa),2024,6월,0
북미-미국,Santa-Fe HEV (TMa HEV),2024,6월,0
북미-미국,Santa-Fe (MX5a),2024,6월,8263
북미-미국,Santa-Fe (MX5a HEV),2024,6월,4160
북미-미국,GV70 (JKa),2024,6월,915
북미-미국,GV70 EV (Jka EV),2024,6월,370
북미-미국,Ioniq5 (NEa),2024,6월,0
동유럽,Solaris (HCr),2024,6월,0
동유럽,Creta (SU2r),2024,6월,0
중남미,HB20 (BR2),2024,6월,11871
중남미,Creta (GSb),2024,6월,1341
중남미,Creta (SU2b),2024,6월,5490
아시아-기타,Stargazer (KS),2024,6월,1223
아시아-기타,Kona EV (SX2id EV) ,2024,6월,0
아시아-기타,IONIQ5 (NE),2024,6월,76
아시아-기타,IONIQ5 (NEid N),2024,6월,0
아시아-기타,Santa-Fe (TMid),2024,6월,82
아시아-기타,Santa-Fe (MX5id),2024,6월,0
아시아-기타,Santa-Fe (MX5id HEV),2024,6월,0
아시아-기타,Creta (SU2id),2024,6월,429
아시아-중국,HTBC,2024,6월,62
북미-멕시코,NX4m,2024,6월,0
북미-멕시코,HCm,2024,6월,0
동유럽,CV,2024,6월,0
아시아-기타,i10(AI3v 4DR),2024,6월,142
아시아-기타,i10(AI3v 5DR),2024,6월,270
아시아-기타,Accent (HCv),2024,6월,0
아시아-기타,Accent (BN7v),2024,6월,828
아시아-기타,Elantra (CN7v),2024,6월,223
아시아-기타,Venue (QXv),2024,6월,189
아시아-기타,Creta (SU2v),2024,6월,563
아시아-기타,Tucson (NX4v),2024,6월,380
아시아-기타,Santa Fe (TMv),2024,6월,615
아시아-기타,Santa Fe HEV (TMv HEV),2024,6월,0
아시아-기타,Palisade (LX2v),2024,6월,93
아시아-기타,Kusto (KUv),2024,6월,147
아시아-기타,IONIQ5 (NEv),2024,6월,29
아시아-기타,Porter (HRv),2024,6월,193
아시아-기타,Mighty (LTv),2024,6월,153
아시아-기타,Mighty (VTv),2024,6월,240
아시아-기타,Mighty (QTv),2024,6월,60
아시아-기타,Mighty (QTc),2024,6월,30
아시아-기타,Santa Fe (MX5v),2024,6월,0
아시아-기타,IONIQ5 (NE),2024,6월,0
아시아-기타,IONIQ6 (CE),2024,6월,0
아시아-인도, Xcent (AI3 4DR),2025,6월,0
아시아-인도, Grand i10 (AI3 5DR),2025,6월,0
아시아-인도, i20 (BI3 5DR),2025,6월,0
아시아-인도, Verna (Hci),2025,6월,0
아시아-인도, Verna (BN7i),2025,6월,0
아시아-인도,Exter (AI3 SUV),2025,6월,0
아시아-인도, Venue (QXi),2025,6월,0
아시아-인도, Creta (SU2i),2025,6월,0
아시아-인도, Creta (SU2i EV),2025,6월,0
아시아-인도, Creta (SU2i LWB),2025,6월,0
아시아-인도, Kona EV (OSi EV),2025,6월,0
아시아-인도, IONIQ5 (NEi),2025,6월,0
아시아-인도, Tucson (NX4i),2025,6월,0
아시아-중국,i10 (AC3),2025,6월,0
아시아-중국,i20 (BC3),2025,6월,0
아시아-중국,Bayon (BC3 CUV),2025,6월,0
아시아-중국,i20 N (BC3 N),2025,6월,0
아시아-중국, Elantra (CN7c),2025,6월,0
아시아-중국, Sonata (DN8c),2025,6월,0
아시아-중국, Custo (KU),2025,6월,0
아시아-중국, Mufasa (NU2),2025,6월,0
아시아-중국, La festa (SQ),2025,6월,0
아시아-중국, Verna (YC),2025,6월,0
아시아-중국, Celesta (ID),2025,6월,0
아시아-중국, Mistra (DU2),2025,6월,0
아시아-중국, Tucson (NX4c),2025,6월,0
아시아-중국, Tucson HEV (NX4c HEV),2025,6월,0
아시아-중국, ix35 (NU),2025,6월,0
아시아-중국, Santa Fe (MX5c),2025,6월,0
아시아-중국, Santa Fe (TMc),2025,6월,0
북미-미국,Elantra (CN7a),2025,6월,0
북미-미국,Sonata (DN8a),2025,6월,0
북미-미국,Tucson (NX4a),2025,6월,0
북미-미국,Tucson OB (NX4a OB),2025,6월,0
북미-미국,Santa-Fe (TMa),2025,6월,0
북미-미국,Santa-Fe HEV (TMa HEV),2025,6월,0
북미-미국,Santa-Fe (MX5a),2025,6월,0
북미-미국,Santa-Fe (MX5a HEV),2025,6월,0
북미-미국,GV70 (JKa),2025,6월,0
북미-미국,GV70 EV (Jka EV),2025,6월,0
북미-미국,Ioniq5 (NEa),2025,6월,0
중남미,HB20 (BR2),2025,6월,0
중남미,Creta (GSb),2025,6월,0
중남미,Creta (SU2b),2025,6월,0
아시아-기타,Stargazer (KS),2025,6월,0
아시아-기타,Kona EV (SX2id EV) ,2025,6월,0
아시아-기타,IONIQ5 (NEid),2025,6월,0
아시아-기타,IONIQ5 (NEid N),2025,6월,0
아시아-기타,Santa-Fe (TMid),2025,6월,0
아시아-기타,Santa-Fe (MX5id),2025,6월,0
아시아-기타,Santa-Fe (MX5id HEV),2025,6월,0
아시아-기타,Creta (SU2id),2025,6월,0
아시아-중국,HTBC,2025,6월,0
북미-멕시코,NX4m,2025,6월,0
북미-멕시코,HCm,2025,6월,0
아시아-기타,i10(AI3v 4DR),2025,6월,0
아시아-기타,i10(AI3v 5DR),2025,6월,0
아시아-기타,Accent (HCv),2025,6월,0
아시아-기타,Accent (BN7v),2025,6월,0
아시아-기타,Elantra (CN7v),2025,6월,0
아시아-기타,Venue (QXv),2025,6월,0
아시아-기타,Creta (SU2v),2025,6월,0
아시아-기타,Tucson (NX4v),2025,6월,0
아시아-기타,Santa Fe (TMv),2025,6월,0
아시아-기타,Santa Fe HEV (TMv HEV),2025,6월,0
아시아-기타,Palisade (LX2v),2025,6월,0
아시아-기타,Kusto (KUv),2025,6월,0
아시아-기타,IONIQ5 (NEv),2025,6월,0
아시아-기타,Porter (HRv),2025,6월,0
아시아-기타,Mighty (LTv),2025,6월,0
아시아-기타,Mighty (VTv),2025,6월,0
아시아-기타,County (CSv),2025,6월,0
아시아-기타,Solati (Euv),2025,6월,0
아시아-기타,Santa Fe (MX5v),2025,6월,0
아시아-기타,IONIQ5 (NE),2025,6월,0
아시아-기타,IONIQ6 (CE),2025,6월,0
아시아-인도, Santro (AH2),2023,7월,0
아시아-인도, Xcent (BA 4DR),2023,7월,0
아시아-인도, Aura (AI3 4DR),2023,7월,4514
아시아-인도, NIOS (AI3 5DR),2023,7월,5337
아시아-인도, i20 (BI3 5DR),2023,7월,5001
아시아-인도, Verna (Hci),2023,7월,0
아시아-인도, Verna (BN7i),2023,7월,2858
아시아-인도,Exter (AI3 SUV),2023,7월,7000
아시아-인도, Venue (QXi),2023,7월,10062
아시아-인도, Creta (SU2i),2023,7월,14062
아시아-인도, Creta (SU2i LWB),2023,7월,1443
아시아-인도, Kona EV (OSi EV),2023,7월,60
아시아-인도,IONIQ5 (NEi),2023,7월,125
아시아-인도, Tucson (TLi),2023,7월,0
아시아-인도, Tucson (NX4i),2023,7월,239
아시아-중국,i10 (AC3),2023,7월,302
아시아-중국,i20 (BC3),2023,7월,983
아시아-중국,Bayon (BC3 CUV),2023,7월,2164
아시아-중국,i20 N (BC3 N),2023,7월,32
아시아-중국, Reina (CB),2023,7월,0
아시아-중국, Verna (YC),2023,7월,0
아시아-중국, Celesta (ID),2023,7월,0
아시아-중국, Elantra (CN7c),2023,7월,5098
아시아-중국, La festa (SQ),2023,7월,48
아시아-중국, La festa EV (SQ EV),2023,7월,0
아시아-중국, Mistra (DU2),2023,7월,0
아시아-중국, Mistra EV (DU2 EV),2023,7월,0
아시아-중국, Sonata (DN8c),2023,7월,145
아시아-중국, Custo (KU),2023,7월,1342
아시아-중국, ix25 (SU2),2023,7월,0
아시아-중국, Tucson (NX4c),2023,7월,2759
아시아-중국, Tucson HEV (NX4c HEV),2023,7월,1
아시아-중국, ix35 (NU),2023,7월,13
아시아-중국, ix35 (NU2),2023,7월,2909
아시아-중국, Santa Fe (TMc),2023,7월,215
북미-미국,Elantra (CN7a),2023,7월,6
북미-미국,Sonata (DN8a),2023,7월,0
북미-미국,Tucson (NX4a),2023,7월,9827
북미-미국,Tucson OB (NX4a OB),2023,7월,3317
북미-미국,Santa-Fe (TMa),2023,7월,7368
북미-미국,Santa-Fe HEV (TMa HEV),2023,7월,1320
북미-미국,GV70 (JKa),2023,7월,1120
북미-미국,GV70 EV (Jka EV),2023,7월,154
동유럽,Solaris (HCr),2023,7월,0
동유럽,Creta (SU2r),2023,7월,0
동유럽,Kia Rio(FB),2023,7월,0
중남미,HB20 (BR2),2023,7월,12304
중남미,Creta (GSb),2023,7월,1042
중남미,Creta (SU2b),2023,7월,4962
아시아-기타,Stargazer (KS),2023,7월,689
아시아-기타,IONIQ5 (NE),2023,7월,499
아시아-기타,Santa-Fe (TMid),2023,7월,77
아시아-기타,Creta (SU2id),2023,7월,262
아시아-중국,HTBC,2023,7월,65
동유럽,CV,2023,7월,0
아시아-기타,i10(AI3v 4DR),2023,7월,134
아시아-기타,i10(AI3v 5DR),2023,7월,447
아시아-기타,Accent (HCv),2023,7월,981
아시아-기타,Elantra (ADv),2023,7월,0
아시아-기타,Elantra (CN7v),2023,7월,172
아시아-기타,Kona (OSv),2023,7월,0
아시아-기타,Creta (SU2v),2023,7월,654
아시아-기타,Tucson (TLv),2023,7월,0
아시아-기타,Tucson (NX4v),2023,7월,109
아시아-기타,Santa Fe (TMv),2023,7월,222
아시아-기타,Santa Fe HEV (TMv HEV),2023,7월,0
아시아-기타,Palisade (LX2v),2023,7월,0
아시아-기타,Kusto (KUv),2023,7월,0
아시아-기타,IONIQ5 (NEv),2023,7월,0
아시아-기타,Porter (HRv),2023,7월,406
아시아-기타,Mighty (LTv),2023,7월,60
아시아-기타,Mighty (VTv),2023,7월,88
아시아-기타,Mighty (QTv),2023,7월,0
아시아-기타,Mighty (QTc),2023,7월,0
아시아-기타,Truck,2023,7월,221
아시아-기타,IONIQ5 (NE),2023,7월,58
아시아-인도, Xcent (AI3 4DR),2024,7월,4757
아시아-인도, Grand i10 (AI3 5DR),2024,7월,4922
아시아-인도, i20 (BI3 5DR),2024,7월,4937
아시아-인도, Verna (Hci),2024,7월,0
아시아-인도, Verna (BN7i),2024,7월,1420
아시아-인도,Exter (AI3 SUV),2024,7월,6037
아시아-인도, Venue (QXi),2024,7월,8840
아시아-인도, Creta (SU2i),2024,7월,17350
아시아-인도, Creta (SU2i LWB),2024,7월,585
아시아-인도, Kona EV (OSi EV),2024,7월,0
아시아-인도, IONIQ5 (NEi),2024,7월,35
아시아-인도, Tucson (NX4i),2024,7월,129
아시아-중국,i10 (AC3),2024,7월,270
아시아-중국,i20 (BC3),2024,7월,1043
아시아-중국,Bayon (BC3 CUV),2024,7월,1182
아시아-중국,i20 N (BC3 N),2024,7월,76
아시아-중국, Elantra (CN7c),2024,7월,1803
아시아-중국, Sonata (DN8c),2024,7월,821
아시아-중국, Custo (KU),2024,7월,635
아시아-중국, Mufasa (NU2),2024,7월,387
아시아-중국, La festa (SQ),2024,7월,0
아시아-중국, Verna (YC),2024,7월,0
아시아-중국, Celesta (ID),2024,7월,0
아시아-중국, Mistra (DU2),2024,7월,0
아시아-중국, Tucson (NX4c),2024,7월,1053
아시아-중국, Tucson HEV (NX4c HEV),2024,7월,1
아시아-중국, ix35 (NU),2024,7월,0
아시아-중국, Santa Fe (MX5c),2024,7월,0
아시아-중국, Santa Fe (TMc),2024,7월,3
북미-미국,Elantra (CN7a),2024,7월,0
북미-미국,Sonata (DN8a),2024,7월,0
북미-미국,Tucson (NX4a),2024,7월,7944
북미-미국,Tucson OB (NX4a OB),2024,7월,1078
북미-미국,Santa-Fe (TMa),2024,7월,0
북미-미국,Santa-Fe HEV (TMa HEV),2024,7월,0
북미-미국,Santa-Fe (MX5a),2024,7월,6780
북미-미국,Santa-Fe (MX5a HEV),2024,7월,3323
북미-미국,GV70 (JKa),2024,7월,1357
북미-미국,GV70 EV (Jka EV),2024,7월,354
북미-미국,Ioniq5 (NEa),2024,7월,0
동유럽,Solaris (HCr),2024,7월,0
동유럽,Creta (SU2r),2024,7월,0
중남미,HB20 (BR2),2024,7월,10270
중남미,Creta (GSb),2024,7월,1343
중남미,Creta (SU2b),2024,7월,5374
아시아-기타,Stargazer (KS),2024,7월,600
아시아-기타,Kona EV (SX2id EV) ,2024,7월,304
아시아-기타,IONIQ5 (NE),2024,7월,62
아시아-기타,IONIQ5 (NEid N),2024,7월,0
아시아-기타,Santa-Fe (TMid),2024,7월,36
아시아-기타,Santa-Fe (MX5id),2024,7월,0
아시아-기타,Santa-Fe (MX5id HEV),2024,7월,0
아시아-기타,Creta (SU2id),2024,7월,346
아시아-중국,HTBC,2024,7월,80
북미-멕시코,NX4m,2024,7월,0
북미-멕시코,HCm,2024,7월,0
동유럽,CV,2024,7월,0
아시아-기타,i10(AI3v 4DR),2024,7월,32
아시아-기타,i10(AI3v 5DR),2024,7월,490
아시아-기타,Accent (HCv),2024,7월,0
아시아-기타,Accent (BN7v),2024,7월,1557
아시아-기타,Elantra (CN7v),2024,7월,123
아시아-기타,Venue (QXv),2024,7월,62
아시아-기타,Creta (SU2v),2024,7월,684
아시아-기타,Tucson (NX4v),2024,7월,439
아시아-기타,Santa Fe (TMv),2024,7월,416
아시아-기타,Santa Fe HEV (TMv HEV),2024,7월,0
아시아-기타,Palisade (LX2v),2024,7월,91
아시아-기타,Kusto (KUv),2024,7월,121
아시아-기타,IONIQ5 (NEv),2024,7월,0
아시아-기타,Porter (HRv),2024,7월,339
아시아-기타,Mighty (LTv),2024,7월,71
아시아-기타,Mighty (VTv),2024,7월,153
아시아-기타,Mighty (QTv),2024,7월,0
아시아-기타,Mighty (QTc),2024,7월,0
아시아-기타,Santa Fe (MX5v),2024,7월,0
아시아-기타,IONIQ5 (NE),2024,7월,0
아시아-기타,IONIQ6 (CE),2024,7월,0
아시아-인도, Xcent (AI3 4DR),2025,7월,0
아시아-인도, Grand i10 (AI3 5DR),2025,7월,0
아시아-인도, i20 (BI3 5DR),2025,7월,0
아시아-인도, Verna (Hci),2025,7월,0
아시아-인도, Verna (BN7i),2025,7월,0
아시아-인도,Exter (AI3 SUV),2025,7월,0
아시아-인도, Venue (QXi),2025,7월,0
아시아-인도, Creta (SU2i),2025,7월,0
아시아-인도, Creta (SU2i EV),2025,7월,0
아시아-인도, Creta (SU2i LWB),2025,7월,0
아시아-인도, Kona EV (OSi EV),2025,7월,0
아시아-인도, IONIQ5 (NEi),2025,7월,0
아시아-인도, Tucson (NX4i),2025,7월,0
아시아-중국,i10 (AC3),2025,7월,0
아시아-중국,i20 (BC3),2025,7월,0
아시아-중국,Bayon (BC3 CUV),2025,7월,0
아시아-중국,i20 N (BC3 N),2025,7월,0
아시아-중국, Elantra (CN7c),2025,7월,0
아시아-중국, Sonata (DN8c),2025,7월,0
아시아-중국, Custo (KU),2025,7월,0
아시아-중국, Mufasa (NU2),2025,7월,0
아시아-중국, La festa (SQ),2025,7월,0
아시아-중국, Verna (YC),2025,7월,0
아시아-중국, Celesta (ID),2025,7월,0
아시아-중국, Mistra (DU2),2025,7월,0
아시아-중국, Tucson (NX4c),2025,7월,0
아시아-중국, Tucson HEV (NX4c HEV),2025,7월,0
아시아-중국, ix35 (NU),2025,7월,0
아시아-중국, Santa Fe (MX5c),2025,7월,0
아시아-중국, Santa Fe (TMc),2025,7월,0
북미-미국,Elantra (CN7a),2025,7월,0
북미-미국,Sonata (DN8a),2025,7월,0
북미-미국,Tucson (NX4a),2025,7월,0
북미-미국,Tucson OB (NX4a OB),2025,7월,0
북미-미국,Santa-Fe (TMa),2025,7월,0
북미-미국,Santa-Fe HEV (TMa HEV),2025,7월,0
북미-미국,Santa-Fe (MX5a),2025,7월,0
북미-미국,Santa-Fe (MX5a HEV),2025,7월,0
북미-미국,GV70 (JKa),2025,7월,0
북미-미국,GV70 EV (Jka EV),2025,7월,0
북미-미국,Ioniq5 (NEa),2025,7월,0
중남미,HB20 (BR2),2025,7월,0
중남미,Creta (GSb),2025,7월,0
중남미,Creta (SU2b),2025,7월,0
아시아-기타,Stargazer (KS),2025,7월,0
아시아-기타,Kona EV (SX2id EV) ,2025,7월,0
아시아-기타,IONIQ5 (NEid),2025,7월,0
아시아-기타,IONIQ5 (NEid N),2025,7월,0
아시아-기타,Santa-Fe (TMid),2025,7월,0
아시아-기타,Santa-Fe (MX5id),2025,7월,0
아시아-기타,Santa-Fe (MX5id HEV),2025,7월,0
아시아-기타,Creta (SU2id),2025,7월,0
아시아-중국,HTBC,2025,7월,0
북미-멕시코,NX4m,2025,7월,0
북미-멕시코,HCm,2025,7월,0
아시아-기타,i10(AI3v 4DR),2025,7월,0
아시아-기타,i10(AI3v 5DR),2025,7월,0
아시아-기타,Accent (HCv),2025,7월,0
아시아-기타,Accent (BN7v),2025,7월,0
아시아-기타,Elantra (CN7v),2025,7월,0
아시아-기타,Venue (QXv),2025,7월,0
아시아-기타,Creta (SU2v),2025,7월,0
아시아-기타,Tucson (NX4v),2025,7월,0
아시아-기타,Santa Fe (TMv),2025,7월,0
아시아-기타,Santa Fe HEV (TMv HEV),2025,7월,0
아시아-기타,Palisade (LX2v),2025,7월,0
아시아-기타,Kusto (KUv),2025,7월,0
아시아-기타,IONIQ5 (NEv),2025,7월,0
아시아-기타,Porter (HRv),2025,7월,0
아시아-기타,Mighty (LTv),2025,7월,0
아시아-기타,Mighty (VTv),2025,7월,0
아시아-기타,County (CSv),2025,7월,0
아시아-기타,Solati (Euv),2025,7월,0
아시아-기타,Santa Fe (MX5v),2025,7월,0
아시아-기타,IONIQ5 (NE),2025,7월,0
아시아-기타,IONIQ6 (CE),2025,7월,0
아시아-인도, Santro (AH2),2023,8월,0
아시아-인도, Xcent (BA 4DR),2023,8월,0
아시아-인도, Aura (AI3 4DR),2023,8월,4892
아시아-인도, NIOS (AI3 5DR),2023,8월,7306
아시아-인도, i20 (BI3 5DR),2023,8월,4896
아시아-인도, Verna (Hci),2023,8월,0
아시아-인도, Verna (BN7i),2023,8월,2576
아시아-인도,Exter (AI3 SUV),2023,8월,7430
아시아-인도, Venue (QXi),2023,8월,10948
아시아-인도, Creta (SU2i),2023,8월,13832
아시아-인도, Creta (SU2i LWB),2023,8월,1493
아시아-인도, Kona EV (OSi EV),2023,8월,91
아시아-인도,IONIQ5 (NEi),2023,8월,130
아시아-인도, Tucson (TLi),2023,8월,0
아시아-인도, Tucson (NX4i),2023,8월,236
아시아-중국,i10 (AC3),2023,8월,60
아시아-중국,i20 (BC3),2023,8월,347
아시아-중국,Bayon (BC3 CUV),2023,8월,1743
아시아-중국,i20 N (BC3 N),2023,8월,33
아시아-중국, Reina (CB),2023,8월,0
아시아-중국, Verna (YC),2023,8월,0
아시아-중국, Celesta (ID),2023,8월,0
아시아-중국, Elantra (CN7c),2023,8월,9823
아시아-중국, La festa (SQ),2023,8월,71
아시아-중국, La festa EV (SQ EV),2023,8월,0
아시아-중국, Mistra (DU2),2023,8월,20
아시아-중국, Mistra EV (DU2 EV),2023,8월,0
아시아-중국, Sonata (DN8c),2023,8월,306
아시아-중국, Custo (KU),2023,8월,1421
아시아-중국, ix25 (SU2),2023,8월,0
아시아-중국, Tucson (NX4c),2023,8월,4588
아시아-중국, Tucson HEV (NX4c HEV),2023,8월,10
아시아-중국, ix35 (NU),2023,8월,0
아시아-중국, ix35 (NU2),2023,8월,3660
아시아-중국, Santa Fe (TMc),2023,8월,109
북미-미국,Elantra (CN7a),2023,8월,0
북미-미국,Sonata (DN8a),2023,8월,0
북미-미국,Tucson (NX4a),2023,8월,15138
북미-미국,Tucson OB (NX4a OB),2023,8월,4286
북미-미국,Santa-Fe (TMa),2023,8월,10858
북미-미국,Santa-Fe HEV (TMa HEV),2023,8월,1825
북미-미국,GV70 (JKa),2023,8월,1587
북미-미국,GV70 EV (Jka EV),2023,8월,465
동유럽,Solaris (HCr),2023,8월,0
동유럽,Creta (SU2r),2023,8월,0
동유럽,Kia Rio(FB),2023,8월,0
중남미,HB20 (BR2),2023,8월,12993
중남미,Creta (GSb),2023,8월,999
중남미,Creta (SU2b),2023,8월,4876
아시아-기타,Stargazer (KS),2023,8월,1684
아시아-기타,IONIQ5 (NE),2023,8월,431
아시아-기타,Santa-Fe (TMid),2023,8월,44
아시아-기타,Creta (SU2id),2023,8월,212
아시아-중국,HTBC,2023,8월,50
동유럽,CV,2023,8월,0
아시아-기타,i10(AI3v 4DR),2023,8월,99
아시아-기타,i10(AI3v 5DR),2023,8월,393
아시아-기타,Accent (HCv),2023,8월,1338
아시아-기타,Elantra (ADv),2023,8월,0
아시아-기타,Elantra (CN7v),2023,8월,222
아시아-기타,Kona (OSv),2023,8월,0
아시아-기타,Creta (SU2v),2023,8월,464
아시아-기타,Tucson (TLv),2023,8월,0
아시아-기타,Tucson (NX4v),2023,8월,40
아시아-기타,Santa Fe (TMv),2023,8월,419
아시아-기타,Santa Fe HEV (TMv HEV),2023,8월,63
아시아-기타,Palisade (LX2v),2023,8월,0
아시아-기타,Kusto (KUv),2023,8월,0
아시아-기타,IONIQ5 (NEv),2023,8월,28
아시아-기타,Porter (HRv),2023,8월,213
아시아-기타,Mighty (LTv),2023,8월,90
아시아-기타,Mighty (VTv),2023,8월,118
아시아-기타,Mighty (QTv),2023,8월,0
아시아-기타,Mighty (QTc),2023,8월,0
아시아-기타,Truck,2023,8월,182
아시아-기타,IONIQ5 (NE),2023,8월,65
아시아-인도, Xcent (AI3 4DR),2024,8월,4304
아시아-인도, Grand i10 (AI3 5DR),2024,8월,5365
아시아-인도, i20 (BI3 5DR),2024,8월,4913
아시아-인도, Verna (Hci),2024,8월,0
아시아-인도, Verna (BN7i),2024,8월,1194
아시아-인도,Exter (AI3 SUV),2024,8월,6632
아시아-인도, Venue (QXi),2024,8월,9085
아시아-인도, Creta (SU2i),2024,8월,16762
아시아-인도, Creta (SU2i LWB),2024,8월,1105
아시아-인도, Kona EV (OSi EV),2024,8월,0
아시아-인도, IONIQ5 (NEi),2024,8월,40
아시아-인도, Tucson (NX4i),2024,8월,125
아시아-중국,i10 (AC3),2024,8월,206
아시아-중국,i20 (BC3),2024,8월,1457
아시아-중국,Bayon (BC3 CUV),2024,8월,1141
아시아-중국,i20 N (BC3 N),2024,8월,50
아시아-중국, Elantra (CN7c),2024,8월,3054
아시아-중국, Sonata (DN8c),2024,8월,770
아시아-중국, Custo (KU),2024,8월,851
아시아-중국, Mufasa (NU2),2024,8월,324
아시아-중국, La festa (SQ),2024,8월,2
아시아-중국, Verna (YC),2024,8월,0
아시아-중국, Celesta (ID),2024,8월,0
아시아-중국, Mistra (DU2),2024,8월,0
아시아-중국, Tucson (NX4c),2024,8월,1625
아시아-중국, Tucson HEV (NX4c HEV),2024,8월,0
아시아-중국, ix35 (NU),2024,8월,0
아시아-중국, Santa Fe (MX5c),2024,8월,264
아시아-중국, Santa Fe (TMc),2024,8월,110
북미-미국,Elantra (CN7a),2024,8월,0
북미-미국,Sonata (DN8a),2024,8월,0
북미-미국,Tucson (NX4a),2024,8월,14515
북미-미국,Tucson OB (NX4a OB),2024,8월,2262
북미-미국,Santa-Fe (TMa),2024,8월,0
북미-미국,Santa-Fe HEV (TMa HEV),2024,8월,0
북미-미국,Santa-Fe (MX5a),2024,8월,9518
북미-미국,Santa-Fe (MX5a HEV),2024,8월,3979
북미-미국,GV70 (JKa),2024,8월,1777
북미-미국,GV70 EV (Jka EV),2024,8월,331
북미-미국,Ioniq5 (NEa),2024,8월,0
동유럽,Solaris (HCr),2024,8월,0
동유럽,Creta (SU2r),2024,8월,0
중남미,HB20 (BR2),2024,8월,11975
중남미,Creta (GSb),2024,8월,1192
중남미,Creta (SU2b),2024,8월,5840
아시아-기타,Stargazer (KS),2024,8월,782
아시아-기타,Kona EV (SX2id EV) ,2024,8월,165
아시아-기타,IONIQ5 (NE),2024,8월,92
아시아-기타,IONIQ5 (NEid N),2024,8월,0
아시아-기타,Santa-Fe (TMid),2024,8월,42
아시아-기타,Santa-Fe (MX5id),2024,8월,0
아시아-기타,Santa-Fe (MX5id HEV),2024,8월,0
아시아-기타,Creta (SU2id),2024,8월,449
아시아-중국,HTBC,2024,8월,93
북미-멕시코,NX4m,2024,8월,0
북미-멕시코,HCm,2024,8월,0
동유럽,CV,2024,8월,0
아시아-기타,i10(AI3v 4DR),2024,8월,45
아시아-기타,i10(AI3v 5DR),2024,8월,621
아시아-기타,Accent (HCv),2024,8월,0
아시아-기타,Accent (BN7v),2024,8월,1551
아시아-기타,Elantra (CN7v),2024,8월,41
아시아-기타,Venue (QXv),2024,8월,40
아시아-기타,Creta (SU2v),2024,8월,694
아시아-기타,Tucson (NX4v),2024,8월,500
아시아-기타,Santa Fe (TMv),2024,8월,593
아시아-기타,Santa Fe HEV (TMv HEV),2024,8월,0
아시아-기타,Palisade (LX2v),2024,8월,51
아시아-기타,Kusto (KUv),2024,8월,126
아시아-기타,IONIQ5 (NEv),2024,8월,0
아시아-기타,Porter (HRv),2024,8월,0
아시아-기타,Mighty (LTv),2024,8월,198
아시아-기타,Mighty (VTv),2024,8월,156
아시아-기타,Mighty (QTv),2024,8월,90
아시아-기타,Mighty (QTc),2024,8월,28
아시아-기타,Santa Fe (MX5v),2024,8월,0
아시아-기타,IONIQ5 (NE),2024,8월,0
아시아-기타,IONIQ6 (CE),2024,8월,1
아시아-인도, Xcent (AI3 4DR),2025,8월,0
아시아-인도, Grand i10 (AI3 5DR),2025,8월,0
아시아-인도, i20 (BI3 5DR),2025,8월,0
아시아-인도, Verna (Hci),2025,8월,0
아시아-인도, Verna (BN7i),2025,8월,0
아시아-인도,Exter (AI3 SUV),2025,8월,0
아시아-인도, Venue (QXi),2025,8월,0
아시아-인도, Creta (SU2i),2025,8월,0
아시아-인도, Creta (SU2i EV),2025,8월,0
아시아-인도, Creta (SU2i LWB),2025,8월,0
아시아-인도, Kona EV (OSi EV),2025,8월,0
아시아-인도, IONIQ5 (NEi),2025,8월,0
아시아-인도, Tucson (NX4i),2025,8월,0
아시아-중국,i10 (AC3),2025,8월,0
아시아-중국,i20 (BC3),2025,8월,0
아시아-중국,Bayon (BC3 CUV),2025,8월,0
아시아-중국,i20 N (BC3 N),2025,8월,0
아시아-중국, Elantra (CN7c),2025,8월,0
아시아-중국, Sonata (DN8c),2025,8월,0
아시아-중국, Custo (KU),2025,8월,0
아시아-중국, Mufasa (NU2),2025,8월,0
아시아-중국, La festa (SQ),2025,8월,0
아시아-중국, Verna (YC),2025,8월,0
아시아-중국, Celesta (ID),2025,8월,0
아시아-중국, Mistra (DU2),2025,8월,0
아시아-중국, Tucson (NX4c),2025,8월,0
아시아-중국, Tucson HEV (NX4c HEV),2025,8월,0
아시아-중국, ix35 (NU),2025,8월,0
아시아-중국, Santa Fe (MX5c),2025,8월,0
아시아-중국, Santa Fe (TMc),2025,8월,0
북미-미국,Elantra (CN7a),2025,8월,0
북미-미국,Sonata (DN8a),2025,8월,0
북미-미국,Tucson (NX4a),2025,8월,0
북미-미국,Tucson OB (NX4a OB),2025,8월,0
북미-미국,Santa-Fe (TMa),2025,8월,0
북미-미국,Santa-Fe HEV (TMa HEV),2025,8월,0
북미-미국,Santa-Fe (MX5a),2025,8월,0
북미-미국,Santa-Fe (MX5a HEV),2025,8월,0
북미-미국,GV70 (JKa),2025,8월,0
북미-미국,GV70 EV (Jka EV),2025,8월,0
북미-미국,Ioniq5 (NEa),2025,8월,0
중남미,HB20 (BR2),2025,8월,0
중남미,Creta (GSb),2025,8월,0
중남미,Creta (SU2b),2025,8월,0
아시아-기타,Stargazer (KS),2025,8월,0
아시아-기타,Kona EV (SX2id EV) ,2025,8월,0
아시아-기타,IONIQ5 (NEid),2025,8월,0
아시아-기타,IONIQ5 (NEid N),2025,8월,0
아시아-기타,Santa-Fe (TMid),2025,8월,0
아시아-기타,Santa-Fe (MX5id),2025,8월,0
아시아-기타,Santa-Fe (MX5id HEV),2025,8월,0
아시아-기타,Creta (SU2id),2025,8월,0
아시아-중국,HTBC,2025,8월,0
북미-멕시코,NX4m,2025,8월,0
북미-멕시코,HCm,2025,8월,0
아시아-기타,i10(AI3v 4DR),2025,8월,0
아시아-기타,i10(AI3v 5DR),2025,8월,0
아시아-기타,Accent (HCv),2025,8월,0
아시아-기타,Accent (BN7v),2025,8월,0
아시아-기타,Elantra (CN7v),2025,8월,0
아시아-기타,Venue (QXv),2025,8월,0
아시아-기타,Creta (SU2v),2025,8월,0
아시아-기타,Tucson (NX4v),2025,8월,0
아시아-기타,Santa Fe (TMv),2025,8월,0
아시아-기타,Santa Fe HEV (TMv HEV),2025,8월,0
아시아-기타,Palisade (LX2v),2025,8월,0
아시아-기타,Kusto (KUv),2025,8월,0
아시아-기타,IONIQ5 (NEv),2025,8월,0
아시아-기타,Porter (HRv),2025,8월,0
아시아-기타,Mighty (LTv),2025,8월,0
아시아-기타,Mighty (VTv),2025,8월,0
아시아-기타,County (CSv),2025,8월,0
아시아-기타,Solati (Euv),2025,8월,0
아시아-기타,Santa Fe (MX5v),2025,8월,0
아시아-기타,IONIQ5 (NE),2025,8월,0
아시아-기타,IONIQ6 (CE),2025,8월,0
아시아-인도, Santro (AH2),2023,9월,0
아시아-인도, Xcent (BA 4DR),2023,9월,0
아시아-인도, Aura (AI3 4DR),2023,9월,3900
아시아-인도, NIOS (AI3 5DR),2023,9월,5223
아시아-인도, i20 (BI3 5DR),2023,9월,6481
아시아-인도, Verna (Hci),2023,9월,0
아시아-인도, Verna (BN7i),2023,9월,2610
아시아-인도,Exter (AI3 SUV),2023,9월,8647
아시아-인도, Venue (QXi),2023,9월,12204
아시아-인도, Creta (SU2i),2023,9월,12717
아시아-인도, Creta (SU2i LWB),2023,9월,1977
아시아-인도, Kona EV (OSi EV),2023,9월,69
아시아-인도,IONIQ5 (NEi),2023,9월,176
아시아-인도, Tucson (TLi),2023,9월,0
아시아-인도, Tucson (NX4i),2023,9월,237
아시아-중국,i10 (AC3),2023,9월,69
아시아-중국,i20 (BC3),2023,9월,2334
아시아-중국,Bayon (BC3 CUV),2023,9월,947
아시아-중국,i20 N (BC3 N),2023,9월,49
아시아-중국, Reina (CB),2023,9월,0
아시아-중국, Verna (YC),2023,9월,0
아시아-중국, Celesta (ID),2023,9월,0
아시아-중국, Elantra (CN7c),2023,9월,10566
아시아-중국, La festa (SQ),2023,9월,101
아시아-중국, La festa EV (SQ EV),2023,9월,0
아시아-중국, Mistra (DU2),2023,9월,0
아시아-중국, Mistra EV (DU2 EV),2023,9월,0
아시아-중국, Sonata (DN8c),2023,9월,188
아시아-중국, Custo (KU),2023,9월,1642
아시아-중국, ix25 (SU2),2023,9월,0
아시아-중국, Tucson (NX4c),2023,9월,5699
아시아-중국, Tucson HEV (NX4c HEV),2023,9월,3
아시아-중국, ix35 (NU),2023,9월,1
아시아-중국, ix35 (NU2),2023,9월,3870
아시아-중국, Santa Fe (TMc),2023,9월,264
북미-미국,Elantra (CN7a),2023,9월,0
북미-미국,Sonata (DN8a),2023,9월,0
북미-미국,Tucson (NX4a),2023,9월,13343
북미-미국,Tucson OB (NX4a OB),2023,9월,3824
북미-미국,Santa-Fe (TMa),2023,9월,9078
북미-미국,Santa-Fe HEV (TMa HEV),2023,9월,1984
북미-미국,GV70 (JKa),2023,9월,1477
북미-미국,GV70 EV (Jka EV),2023,9월,158
동유럽,Solaris (HCr),2023,9월,0
동유럽,Creta (SU2r),2023,9월,0
동유럽,Kia Rio(FB),2023,9월,0
중남미,HB20 (BR2),2023,9월,13221
중남미,Creta (GSb),2023,9월,894
중남미,Creta (SU2b),2023,9월,3828
아시아-기타,Stargazer (KS),2023,9월,1473
아시아-기타,IONIQ5 (NE),2023,9월,675
아시아-기타,Santa-Fe (TMid),2023,9월,86
아시아-기타,Creta (SU2id),2023,9월,72
아시아-중국,HTBC,2023,9월,31
동유럽,CV,2023,9월,0
아시아-기타,i10(AI3v 4DR),2023,9월,92
아시아-기타,i10(AI3v 5DR),2023,9월,471
아시아-기타,Accent (HCv),2023,9월,1335
아시아-기타,Elantra (ADv),2023,9월,0
아시아-기타,Elantra (CN7v),2023,9월,157
아시아-기타,Kona (OSv),2023,9월,0
아시아-기타,Creta (SU2v),2023,9월,230
아시아-기타,Tucson (TLv),2023,9월,0
아시아-기타,Tucson (NX4v),2023,9월,88
아시아-기타,Santa Fe (TMv),2023,9월,330
아시아-기타,Santa Fe HEV (TMv HEV),2023,9월,11
아시아-기타,Palisade (LX2v),2023,9월,30
아시아-기타,Kusto (KUv),2023,9월,163
아시아-기타,IONIQ5 (NEv),2023,9월,30
아시아-기타,Porter (HRv),2023,9월,286
아시아-기타,Mighty (LTv),2023,9월,90
아시아-기타,Mighty (VTv),2023,9월,247
아시아-기타,Mighty (QTv),2023,9월,0
아시아-기타,Mighty (QTc),2023,9월,0
아시아-기타,Truck,2023,9월,243
아시아-기타,IONIQ5 (NE),2023,9월,73
아시아-인도, Xcent (AI3 4DR),2024,9월,4462
아시아-인도, Grand i10 (AI3 5DR),2024,9월,5103
아시아-인도, i20 (BI3 5DR),2024,9월,4428
아시아-인도, Verna (Hci),2024,9월,0
아시아-인도, Verna (BN7i),2024,9월,1198
아시아-인도,Exter (AI3 SUV),2024,9월,6908
아시아-인도, Venue (QXi),2024,9월,10259
아시아-인도, Creta (SU2i),2024,9월,15902
아시아-인도, Creta (SU2i LWB),2024,9월,2712
아시아-인도, Kona EV (OSi EV),2024,9월,0
아시아-인도, IONIQ5 (NEi),2024,9월,31
아시아-인도, Tucson (NX4i),2024,9월,98
아시아-중국,i10 (AC3),2024,9월,106
아시아-중국,i20 (BC3),2024,9월,2021
아시아-중국,Bayon (BC3 CUV),2024,9월,1271
아시아-중국,i20 N (BC3 N),2024,9월,0
아시아-중국, Elantra (CN7c),2024,9월,3843
아시아-중국, Sonata (DN8c),2024,9월,767
아시아-중국, Custo (KU),2024,9월,1112
아시아-중국, Mufasa (NU2),2024,9월,628
아시아-중국, La festa (SQ),2024,9월,3
아시아-중국, Verna (YC),2024,9월,0
아시아-중국, Celesta (ID),2024,9월,0
아시아-중국, Mistra (DU2),2024,9월,0
아시아-중국, Tucson (NX4c),2024,9월,1837
아시아-중국, Tucson HEV (NX4c HEV),2024,9월,0
아시아-중국, ix35 (NU),2024,9월,0
아시아-중국, Santa Fe (MX5c),2024,9월,810
아시아-중국, Santa Fe (TMc),2024,9월,0
북미-미국,Elantra (CN7a),2024,9월,0
북미-미국,Sonata (DN8a),2024,9월,0
북미-미국,Tucson (NX4a),2024,9월,11447
북미-미국,Tucson OB (NX4a OB),2024,9월,2484
북미-미국,Santa-Fe (TMa),2024,9월,0
북미-미국,Santa-Fe HEV (TMa HEV),2024,9월,0
북미-미국,Santa-Fe (MX5a),2024,9월,7769
북미-미국,Santa-Fe (MX5a HEV),2024,9월,4067
북미-미국,GV70 (JKa),2024,9월,1739
북미-미국,GV70 EV (Jka EV),2024,9월,168
북미-미국,Ioniq5 (NEa),2024,9월,0
동유럽,Solaris (HCr),2024,9월,0
동유럽,Creta (SU2r),2024,9월,0
중남미,HB20 (BR2),2024,9월,12370
중남미,Creta (GSb),2024,9월,568
중남미,Creta (SU2b),2024,9월,3880
아시아-기타,Stargazer (KS),2024,9월,618
아시아-기타,Kona EV (SX2id EV) ,2024,9월,170
아시아-기타,IONIQ5 (NE),2024,9월,27
아시아-기타,IONIQ5 (NEid N),2024,9월,0
아시아-기타,Santa-Fe (TMid),2024,9월,9
아시아-기타,Santa-Fe (MX5id),2024,9월,0
아시아-기타,Santa-Fe (MX5id HEV),2024,9월,0
아시아-기타,Creta (SU2id),2024,9월,393
아시아-중국,HTBC,2024,9월,106
북미-멕시코,NX4m,2024,9월,0
북미-멕시코,HCm,2024,9월,0
동유럽,CV,2024,9월,0
아시아-기타,i10(AI3v 4DR),2024,9월,60
아시아-기타,i10(AI3v 5DR),2024,9월,560
아시아-기타,Accent (HCv),2024,9월,0
아시아-기타,Accent (BN7v),2024,9월,1539
아시아-기타,Elantra (CN7v),2024,9월,227
아시아-기타,Venue (QXv),2024,9월,360
아시아-기타,Creta (SU2v),2024,9월,663
아시아-기타,Tucson (NX4v),2024,9월,248
아시아-기타,Santa Fe (TMv),2024,9월,13
아시아-기타,Santa Fe HEV (TMv HEV),2024,9월,90
아시아-기타,Palisade (LX2v),2024,9월,150
아시아-기타,Kusto (KUv),2024,9월,411
아시아-기타,IONIQ5 (NEv),2024,9월,1
아시아-기타,Porter (HRv),2024,9월,342
아시아-기타,Mighty (LTv),2024,9월,93
아시아-기타,Mighty (VTv),2024,9월,278
아시아-기타,Mighty (QTv),2024,9월,0
아시아-기타,Mighty (QTc),2024,9월,2
아시아-기타,Santa Fe (MX5v),2024,9월,584
아시아-기타,IONIQ5 (NE),2024,9월,0
아시아-기타,IONIQ6 (CE),2024,9월,12
아시아-인도, Xcent (AI3 4DR),2025,9월,0
아시아-인도, Grand i10 (AI3 5DR),2025,9월,0
아시아-인도, i20 (BI3 5DR),2025,9월,0
아시아-인도, Verna (Hci),2025,9월,0
아시아-인도, Verna (BN7i),2025,9월,0
아시아-인도,Exter (AI3 SUV),2025,9월,0
아시아-인도, Venue (QXi),2025,9월,0
아시아-인도, Creta (SU2i),2025,9월,0
아시아-인도, Creta (SU2i EV),2025,9월,0
아시아-인도, Creta (SU2i LWB),2025,9월,0
아시아-인도, Kona EV (OSi EV),2025,9월,0
아시아-인도, IONIQ5 (NEi),2025,9월,0
아시아-인도, Tucson (NX4i),2025,9월,0
아시아-중국,i10 (AC3),2025,9월,0
아시아-중국,i20 (BC3),2025,9월,0
아시아-중국,Bayon (BC3 CUV),2025,9월,0
아시아-중국,i20 N (BC3 N),2025,9월,0
아시아-중국, Elantra (CN7c),2025,9월,0
아시아-중국, Sonata (DN8c),2025,9월,0
아시아-중국, Custo (KU),2025,9월,0
아시아-중국, Mufasa (NU2),2025,9월,0
아시아-중국, La festa (SQ),2025,9월,0
아시아-중국, Verna (YC),2025,9월,0
아시아-중국, Celesta (ID),2025,9월,0
아시아-중국, Mistra (DU2),2025,9월,0
아시아-중국, Tucson (NX4c),2025,9월,0
아시아-중국, Tucson HEV (NX4c HEV),2025,9월,0
아시아-중국, ix35 (NU),2025,9월,0
아시아-중국, Santa Fe (MX5c),2025,9월,0
아시아-중국, Santa Fe (TMc),2025,9월,0
북미-미국,Elantra (CN7a),2025,9월,0
북미-미국,Sonata (DN8a),2025,9월,0
북미-미국,Tucson (NX4a),2025,9월,0
북미-미국,Tucson OB (NX4a OB),2025,9월,0
북미-미국,Santa-Fe (TMa),2025,9월,0
북미-미국,Santa-Fe HEV (TMa HEV),2025,9월,0
북미-미국,Santa-Fe (MX5a),2025,9월,0
북미-미국,Santa-Fe (MX5a HEV),2025,9월,0
북미-미국,GV70 (JKa),2025,9월,0
북미-미국,GV70 EV (Jka EV),2025,9월,0
북미-미국,Ioniq5 (NEa),2025,9월,0
중남미,HB20 (BR2),2025,9월,0
중남미,Creta (GSb),2025,9월,0
중남미,Creta (SU2b),2025,9월,0
아시아-기타,Stargazer (KS),2025,9월,0
아시아-기타,Kona EV (SX2id EV) ,2025,9월,0
아시아-기타,IONIQ5 (NEid),2025,9월,0
아시아-기타,IONIQ5 (NEid N),2025,9월,0
아시아-기타,Santa-Fe (TMid),2025,9월,0
아시아-기타,Santa-Fe (MX5id),2025,9월,0
아시아-기타,Santa-Fe (MX5id HEV),2025,9월,0
아시아-기타,Creta (SU2id),2025,9월,0
아시아-중국,HTBC,2025,9월,0
북미-멕시코,NX4m,2025,9월,0
북미-멕시코,HCm,2025,9월,0
아시아-기타,i10(AI3v 4DR),2025,9월,0
아시아-기타,i10(AI3v 5DR),2025,9월,0
아시아-기타,Accent (HCv),2025,9월,0
아시아-기타,Accent (BN7v),2025,9월,0
아시아-기타,Elantra (CN7v),2025,9월,0
아시아-기타,Venue (QXv),2025,9월,0
아시아-기타,Creta (SU2v),2025,9월,0
아시아-기타,Tucson (NX4v),2025,9월,0
아시아-기타,Santa Fe (TMv),2025,9월,0
아시아-기타,Santa Fe HEV (TMv HEV),2025,9월,0
아시아-기타,Palisade (LX2v),2025,9월,0
아시아-기타,Kusto (KUv),2025,9월,0
아시아-기타,IONIQ5 (NEv),2025,9월,0
아시아-기타,Porter (HRv),2025,9월,0
아시아-기타,Mighty (LTv),2025,9월,0
아시아-기타,Mighty (VTv),2025,9월,0
아시아-기타,County (CSv),2025,9월,0
아시아-기타,Solati (Euv),2025,9월,0
아시아-기타,Santa Fe (MX5v),2025,9월,0
아시아-기타,IONIQ5 (NE),2025,9월,0
아시아-기타,IONIQ6 (CE),2025,9월,0
아시아-인도, Santro (AH2),2023,10월,0
아시아-인도, Xcent (BA 4DR),2023,10월,0
아시아-인도, Aura (AI3 4DR),2023,10월,4096
아시아-인도, NIOS (AI3 5DR),2023,10월,6552
아시아-인도, i20 (BI3 5DR),2023,10월,7212
아시아-인도, Verna (Hci),2023,10월,0
아시아-인도, Verna (BN7i),2023,10월,2313
아시아-인도,Exter (AI3 SUV),2023,10월,8097
아시아-인도, Venue (QXi),2023,10월,11581
아시아-인도, Creta (SU2i),2023,10월,13077
아시아-인도, Creta (SU2i LWB),2023,10월,1837
아시아-인도, Kona EV (OSi EV),2023,10월,44
아시아-인도,IONIQ5 (NEi),2023,10월,117
아시아-인도, Tucson (TLi),2023,10월,0
아시아-인도, Tucson (NX4i),2023,10월,202
아시아-중국,i10 (AC3),2023,10월,51
아시아-중국,i20 (BC3),2023,10월,1586
아시아-중국,Bayon (BC3 CUV),2023,10월,1287
아시아-중국,i20 N (BC3 N),2023,10월,20
아시아-중국, Reina (CB),2023,10월,0
아시아-중국, Verna (YC),2023,10월,0
아시아-중국, Celesta (ID),2023,10월,0
아시아-중국, Elantra (CN7c),2023,10월,9526
아시아-중국, La festa (SQ),2023,10월,67
아시아-중국, La festa EV (SQ EV),2023,10월,0
아시아-중국, Mistra (DU2),2023,10월,0
아시아-중국, Mistra EV (DU2 EV),2023,10월,0
아시아-중국, Sonata (DN8c),2023,10월,144
아시아-중국, Custo (KU),2023,10월,1156
아시아-중국, ix25 (SU2),2023,10월,0
아시아-중국, Tucson (NX4c),2023,10월,4468
아시아-중국, Tucson HEV (NX4c HEV),2023,10월,0
아시아-중국, ix35 (NU),2023,10월,0
아시아-중국, ix35 (NU2),2023,10월,3333
아시아-중국, Santa Fe (TMc),2023,10월,125
북미-미국,Elantra (CN7a),2023,10월,0
북미-미국,Sonata (DN8a),2023,10월,0
북미-미국,Tucson (NX4a),2023,10월,13335
북미-미국,Tucson OB (NX4a OB),2023,10월,2830
북미-미국,Santa-Fe (TMa),2023,10월,9986
북미-미국,Santa-Fe HEV (TMa HEV),2023,10월,1958
북미-미국,GV70 (JKa),2023,10월,3119
북미-미국,GV70 EV (Jka EV),2023,10월,539
동유럽,Solaris (HCr),2023,10월,0
동유럽,Creta (SU2r),2023,10월,0
동유럽,Kia Rio(FB),2023,10월,0
중남미,HB20 (BR2),2023,10월,11993
중남미,Creta (GSb),2023,10월,430
중남미,Creta (SU2b),2023,10월,5451
아시아-기타,Stargazer (KS),2023,10월,1751
아시아-기타,IONIQ5 (NE),2023,10월,638
아시아-기타,Santa-Fe (TMid),2023,10월,20
아시아-기타,Creta (SU2id),2023,10월,493
아시아-중국,HTBC,2023,10월,24
동유럽,CV,2023,10월,0
아시아-기타,i10(AI3v 4DR),2023,10월,90
아시아-기타,i10(AI3v 5DR),2023,10월,409
아시아-기타,Accent (HCv),2023,10월,1746
아시아-기타,Elantra (ADv),2023,10월,0
아시아-기타,Elantra (CN7v),2023,10월,211
아시아-기타,Kona (OSv),2023,10월,0
아시아-기타,Creta (SU2v),2023,10월,724
아시아-기타,Tucson (TLv),2023,10월,0
아시아-기타,Tucson (NX4v),2023,10월,610
아시아-기타,Santa Fe (TMv),2023,10월,520
아시아-기타,Santa Fe HEV (TMv HEV),2023,10월,7
아시아-기타,Palisade (LX2v),2023,10월,147
아시아-기타,Kusto (KUv),2023,10월,368
아시아-기타,IONIQ5 (NEv),2023,10월,0
아시아-기타,Porter (HRv),2023,10월,264
아시아-기타,Mighty (LTv),2023,10월,121
아시아-기타,Mighty (VTv),2023,10월,85
아시아-기타,Mighty (QTv),2023,10월,29
아시아-기타,Mighty (QTc),2023,10월,0
아시아-기타,Truck,2023,10월,189
아시아-기타,IONIQ5 (NE),2023,10월,49
아시아-인도, Xcent (AI3 4DR),2024,10월,4805
아시아-인도, Grand i10 (AI3 5DR),2024,10월,6235
아시아-인도, i20 (BI3 5DR),2024,10월,5354
아시아-인도, Verna (Hci),2024,10월,0
아시아-인도, Verna (BN7i),2024,10월,1272
아시아-인도,Exter (AI3 SUV),2024,10월,7127
아시아-인도, Venue (QXi),2024,10월,10901
아시아-인도, Creta (SU2i),2024,10월,17497
아시아-인도, Creta (SU2i LWB),2024,10월,2204
아시아-인도, Kona EV (OSi EV),2024,10월,0
아시아-인도, IONIQ5 (NEi),2024,10월,32
아시아-인도, Tucson (NX4i),2024,10월,141
아시아-중국,i10 (AC3),2024,10월,177
아시아-중국,i20 (BC3),2024,10월,2020
아시아-중국,Bayon (BC3 CUV),2024,10월,1227
아시아-중국,i20 N (BC3 N),2024,10월,0
아시아-중국, Elantra (CN7c),2024,10월,2373
아시아-중국, Sonata (DN8c),2024,10월,756
아시아-중국, Custo (KU),2024,10월,1273
아시아-중국, Mufasa (NU2),2024,10월,780
아시아-중국, La festa (SQ),2024,10월,0
아시아-중국, Verna (YC),2024,10월,0
아시아-중국, Celesta (ID),2024,10월,0
아시아-중국, Mistra (DU2),2024,10월,0
아시아-중국, Tucson (NX4c),2024,10월,866
아시아-중국, Tucson HEV (NX4c HEV),2024,10월,0
아시아-중국, ix35 (NU),2024,10월,0
아시아-중국, Santa Fe (MX5c),2024,10월,342
아시아-중국, Santa Fe (TMc),2024,10월,60
북미-미국,Elantra (CN7a),2024,10월,0
북미-미국,Sonata (DN8a),2024,10월,0
북미-미국,Tucson (NX4a),2024,10월,14717
북미-미국,Tucson OB (NX4a OB),2024,10월,2406
북미-미국,Santa-Fe (TMa),2024,10월,0
북미-미국,Santa-Fe HEV (TMa HEV),2024,10월,0
북미-미국,Santa-Fe (MX5a),2024,10월,10053
북미-미국,Santa-Fe (MX5a HEV),2024,10월,5244
북미-미국,GV70 (JKa),2024,10월,1773
북미-미국,GV70 EV (Jka EV),2024,10월,169
북미-미국,Ioniq5 (NEa),2024,10월,0
동유럽,Solaris (HCr),2024,10월,0
동유럽,Creta (SU2r),2024,10월,0
중남미,HB20 (BR2),2024,10월,15261
중남미,Creta (GSb),2024,10월,341
중남미,Creta (SU2b),2024,10월,7068
아시아-기타,Stargazer (KS),2024,10월,715
아시아-기타,Kona EV (SX2id EV) ,2024,10월,176
아시아-기타,IONIQ5 (NE),2024,10월,44
아시아-기타,IONIQ5 (NEid N),2024,10월,28
아시아-기타,Santa-Fe (TMid),2024,10월,17
아시아-기타,Santa-Fe (MX5id),2024,10월,13
아시아-기타,Santa-Fe (MX5id HEV),2024,10월,177
아시아-기타,Creta (SU2id),2024,10월,323
아시아-중국,HTBC,2024,10월,162
북미-멕시코,NX4m,2024,10월,0
북미-멕시코,HCm,2024,10월,0
동유럽,CV,2024,10월,0
아시아-기타,i10(AI3v 4DR),2024,10월,50
아시아-기타,i10(AI3v 5DR),2024,10월,907
아시아-기타,Accent (HCv),2024,10월,0
아시아-기타,Accent (BN7v),2024,10월,1592
아시아-기타,Elantra (CN7v),2024,10월,115
아시아-기타,Venue (QXv),2024,10월,350
아시아-기타,Creta (SU2v),2024,10월,958
아시아-기타,Tucson (NX4v),2024,10월,904
아시아-기타,Santa Fe (TMv),2024,10월,2
아시아-기타,Santa Fe HEV (TMv HEV),2024,10월,24
아시아-기타,Palisade (LX2v),2024,10월,284
아시아-기타,Kusto (KUv),2024,10월,246
아시아-기타,IONIQ5 (NEv),2024,10월,0
아시아-기타,Porter (HRv),2024,10월,268
아시아-기타,Mighty (LTv),2024,10월,119
아시아-기타,Mighty (VTv),2024,10월,228
아시아-기타,Mighty (QTv),2024,10월,61
아시아-기타,Mighty (QTc),2024,10월,0
아시아-기타,Santa Fe (MX5v),2024,10월,630
아시아-기타,IONIQ5 (NE),2024,10월,0
아시아-기타,IONIQ6 (CE),2024,10월,5
아시아-인도, Xcent (AI3 4DR),2025,10월,0
아시아-인도, Grand i10 (AI3 5DR),2025,10월,0
아시아-인도, i20 (BI3 5DR),2025,10월,0
아시아-인도, Verna (Hci),2025,10월,0
아시아-인도, Verna (BN7i),2025,10월,0
아시아-인도,Exter (AI3 SUV),2025,10월,0
아시아-인도, Venue (QXi),2025,10월,0
아시아-인도, Creta (SU2i),2025,10월,0
아시아-인도, Creta (SU2i EV),2025,10월,0
아시아-인도, Creta (SU2i LWB),2025,10월,0
아시아-인도, Kona EV (OSi EV),2025,10월,0
아시아-인도, IONIQ5 (NEi),2025,10월,0
아시아-인도, Tucson (NX4i),2025,10월,0
아시아-중국,i10 (AC3),2025,10월,0
아시아-중국,i20 (BC3),2025,10월,0
아시아-중국,Bayon (BC3 CUV),2025,10월,0
아시아-중국,i20 N (BC3 N),2025,10월,0
아시아-중국, Elantra (CN7c),2025,10월,0
아시아-중국, Sonata (DN8c),2025,10월,0
아시아-중국, Custo (KU),2025,10월,0
아시아-중국, Mufasa (NU2),2025,10월,0
아시아-중국, La festa (SQ),2025,10월,0
아시아-중국, Verna (YC),2025,10월,0
아시아-중국, Celesta (ID),2025,10월,0
아시아-중국, Mistra (DU2),2025,10월,0
아시아-중국, Tucson (NX4c),2025,10월,0
아시아-중국, Tucson HEV (NX4c HEV),2025,10월,0
아시아-중국, ix35 (NU),2025,10월,0
아시아-중국, Santa Fe (MX5c),2025,10월,0
아시아-중국, Santa Fe (TMc),2025,10월,0
북미-미국,Elantra (CN7a),2025,10월,0
북미-미국,Sonata (DN8a),2025,10월,0
북미-미국,Tucson (NX4a),2025,10월,0
북미-미국,Tucson OB (NX4a OB),2025,10월,0
북미-미국,Santa-Fe (TMa),2025,10월,0
북미-미국,Santa-Fe HEV (TMa HEV),2025,10월,0
북미-미국,Santa-Fe (MX5a),2025,10월,0
북미-미국,Santa-Fe (MX5a HEV),2025,10월,0
북미-미국,GV70 (JKa),2025,10월,0
북미-미국,GV70 EV (Jka EV),2025,10월,0
북미-미국,Ioniq5 (NEa),2025,10월,0
중남미,HB20 (BR2),2025,10월,0
중남미,Creta (GSb),2025,10월,0
중남미,Creta (SU2b),2025,10월,0
아시아-기타,Stargazer (KS),2025,10월,0
아시아-기타,Kona EV (SX2id EV) ,2025,10월,0
아시아-기타,IONIQ5 (NEid),2025,10월,0
아시아-기타,IONIQ5 (NEid N),2025,10월,0
아시아-기타,Santa-Fe (TMid),2025,10월,0
아시아-기타,Santa-Fe (MX5id),2025,10월,0
아시아-기타,Santa-Fe (MX5id HEV),2025,10월,0
아시아-기타,Creta (SU2id),2025,10월,0
아시아-중국,HTBC,2025,10월,0
북미-멕시코,NX4m,2025,10월,0
북미-멕시코,HCm,2025,10월,0
아시아-기타,i10(AI3v 4DR),2025,10월,0
아시아-기타,i10(AI3v 5DR),2025,10월,0
아시아-기타,Accent (HCv),2025,10월,0
아시아-기타,Accent (BN7v),2025,10월,0
아시아-기타,Elantra (CN7v),2025,10월,0
아시아-기타,Venue (QXv),2025,10월,0
아시아-기타,Creta (SU2v),2025,10월,0
아시아-기타,Tucson (NX4v),2025,10월,0
아시아-기타,Santa Fe (TMv),2025,10월,0
아시아-기타,Santa Fe HEV (TMv HEV),2025,10월,0
아시아-기타,Palisade (LX2v),2025,10월,0
아시아-기타,Kusto (KUv),2025,10월,0
아시아-기타,IONIQ5 (NEv),2025,10월,0
아시아-기타,Porter (HRv),2025,10월,0
아시아-기타,Mighty (LTv),2025,10월,0
아시아-기타,Mighty (VTv),2025,10월,0
아시아-기타,County (CSv),2025,10월,0
아시아-기타,Solati (Euv),2025,10월,0
아시아-기타,Santa Fe (MX5v),2025,10월,0
아시아-기타,IONIQ5 (NE),2025,10월,0
아시아-기타,IONIQ6 (CE),2025,10월,0
아시아-인도, Santro (AH2),2023,11월,0
아시아-인도, Xcent (BA 4DR),2023,11월,0
아시아-인도, Aura (AI3 4DR),2023,11월,3850
아시아-인도, NIOS (AI3 5DR),2023,11월,4708
아시아-인도, i20 (BI3 5DR),2023,11월,5727
아시아-인도, Verna (Hci),2023,11월,0
아시아-인도, Verna (BN7i),2023,11월,1701
아시아-인도,Exter (AI3 SUV),2023,11월,8325
아시아-인도, Venue (QXi),2023,11월,11180
아시아-인도, Creta (SU2i),2023,11월,11814
아시아-인도, Creta (SU2i LWB),2023,11월,1913
아시아-인도, Kona EV (OSi EV),2023,11월,19
아시아-인도,IONIQ5 (NEi),2023,11월,96
아시아-인도, Tucson (TLi),2023,11월,0
아시아-인도, Tucson (NX4i),2023,11월,118
아시아-중국,i10 (AC3),2023,11월,238
아시아-중국,i20 (BC3),2023,11월,2681
아시아-중국,Bayon (BC3 CUV),2023,11월,1726
아시아-중국,i20 N (BC3 N),2023,11월,10
아시아-중국, Reina (CB),2023,11월,0
아시아-중국, Verna (YC),2023,11월,0
아시아-중국, Celesta (ID),2023,11월,0
아시아-중국, Elantra (CN7c),2023,11월,11775
아시아-중국, La festa (SQ),2023,11월,34
아시아-중국, La festa EV (SQ EV),2023,11월,0
아시아-중국, Mistra (DU2),2023,11월,0
아시아-중국, Mistra EV (DU2 EV),2023,11월,0
아시아-중국, Sonata (DN8c),2023,11월,155
아시아-중국, Custo (KU),2023,11월,680
아시아-중국, ix25 (SU2),2023,11월,0
아시아-중국, Tucson (NX4c),2023,11월,5241
아시아-중국, Tucson HEV (NX4c HEV),2023,11월,2
아시아-중국, ix35 (NU),2023,11월,0
아시아-중국, ix35 (NU2),2023,11월,3632
아시아-중국, Santa Fe (TMc),2023,11월,79
북미-미국,Elantra (CN7a),2023,11월,0
북미-미국,Sonata (DN8a),2023,11월,0
북미-미국,Tucson (NX4a),2023,11월,11206
북미-미국,Tucson OB (NX4a OB),2023,11월,3121
북미-미국,Santa-Fe (TMa),2023,11월,8317
북미-미국,Santa-Fe HEV (TMa HEV),2023,11월,1495
북미-미국,GV70 (JKa),2023,11월,2565
북미-미국,GV70 EV (Jka EV),2023,11월,338
동유럽,Solaris (HCr),2023,11월,0
동유럽,Creta (SU2r),2023,11월,0
동유럽,Kia Rio(FB),2023,11월,0
중남미,HB20 (BR2),2023,11월,11655
중남미,Creta (GSb),2023,11월,3124
중남미,Creta (SU2b),2023,11월,4417
아시아-기타,Stargazer (KS),2023,11월,812
아시아-기타,IONIQ5 (NE),2023,11월,527
아시아-기타,Santa-Fe (TMid),2023,11월,15
아시아-기타,Creta (SU2id),2023,11월,630
아시아-중국,HTBC,2023,11월,60
동유럽,CV,2023,11월,0
아시아-기타,i10(AI3v 4DR),2023,11월,91
아시아-기타,i10(AI3v 5DR),2023,11월,588
아시아-기타,Accent (HCv),2023,11월,1737
아시아-기타,Elantra (ADv),2023,11월,0
아시아-기타,Elantra (CN7v),2023,11월,175
아시아-기타,Kona (OSv),2023,11월,0
아시아-기타,Creta (SU2v),2023,11월,803
아시아-기타,Tucson (TLv),2023,11월,0
아시아-기타,Tucson (NX4v),2023,11월,616
아시아-기타,Santa Fe (TMv),2023,11월,451
아시아-기타,Santa Fe HEV (TMv HEV),2023,11월,12
아시아-기타,Palisade (LX2v),2023,11월,139
아시아-기타,Kusto (KUv),2023,11월,604
아시아-기타,IONIQ5 (NEv),2023,11월,1
아시아-기타,Porter (HRv),2023,11월,186
아시아-기타,Mighty (LTv),2023,11월,120
아시아-기타,Mighty (VTv),2023,11월,32
아시아-기타,Mighty (QTv),2023,11월,0
아시아-기타,Mighty (QTc),2023,11월,0
아시아-기타,Truck,2023,11월,275
아시아-기타,IONIQ5 (NE),2023,11월,62
아시아-인도, Xcent (AI3 4DR),2024,11월,4248
아시아-인도, Grand i10 (AI3 5DR),2024,11월,5667
아시아-인도, i20 (BI3 5DR),2024,11월,3925
아시아-인도, Verna (Hci),2024,11월,0
아시아-인도, Verna (BN7i),2024,11월,1213
아시아-인도,Exter (AI3 SUV),2024,11월,5747
아시아-인도, Venue (QXi),2024,11월,9754
아시아-인도, Creta (SU2i),2024,11월,15452
아시아-인도, Creta (SU2i LWB),2024,11월,2134
아시아-인도, Kona EV (OSi EV),2024,11월,0
아시아-인도, IONIQ5 (NEi),2024,11월,22
아시아-인도, Tucson (NX4i),2024,11월,84
아시아-중국,i10 (AC3),2024,11월,259
아시아-중국,i20 (BC3),2024,11월,2195
아시아-중국,Bayon (BC3 CUV),2024,11월,2496
아시아-중국,i20 N (BC3 N),2024,11월,0
아시아-중국, Elantra (CN7c),2024,11월,2396
아시아-중국, Sonata (DN8c),2024,11월,985
아시아-중국, Custo (KU),2024,11월,800
아시아-중국, Mufasa (NU2),2024,11월,466
아시아-중국, La festa (SQ),2024,11월,0
아시아-중국, Verna (YC),2024,11월,0
아시아-중국, Celesta (ID),2024,11월,0
아시아-중국, Mistra (DU2),2024,11월,0
아시아-중국, Tucson (NX4c),2024,11월,2082
아시아-중국, Tucson HEV (NX4c HEV),2024,11월,0
아시아-중국, ix35 (NU),2024,11월,0
아시아-중국, Santa Fe (MX5c),2024,11월,271
아시아-중국, Santa Fe (TMc),2024,11월,0
북미-미국,Elantra (CN7a),2024,11월,0
북미-미국,Sonata (DN8a),2024,11월,0
북미-미국,Tucson (NX4a),2024,11월,12167
북미-미국,Tucson OB (NX4a OB),2024,11월,1741
북미-미국,Santa-Fe (TMa),2024,11월,0
북미-미국,Santa-Fe HEV (TMa HEV),2024,11월,0
북미-미국,Santa-Fe (MX5a),2024,11월,8141
북미-미국,Santa-Fe (MX5a HEV),2024,11월,3859
북미-미국,GV70 (JKa),2024,11월,1659
북미-미국,GV70 EV (Jka EV),2024,11월,177
북미-미국,Ioniq5 (NEa),2024,11월,0
동유럽,Solaris (HCr),2024,11월,0
동유럽,Creta (SU2r),2024,11월,0
중남미,HB20 (BR2),2024,11월,14248
중남미,Creta (GSb),2024,11월,13
중남미,Creta (SU2b),2024,11월,7165
아시아-기타,Stargazer (KS),2024,11월,722
아시아-기타,Kona EV (SX2id EV) ,2024,11월,434
아시아-기타,IONIQ5 (NE),2024,11월,77
아시아-기타,IONIQ5 (NEid N),2024,11월,10
아시아-기타,Santa-Fe (TMid),2024,11월,31
아시아-기타,Santa-Fe (MX5id),2024,11월,3
아시아-기타,Santa-Fe (MX5id HEV),2024,11월,115
아시아-기타,Creta (SU2id),2024,11월,108
아시아-중국,HTBC,2024,11월,120
북미-멕시코,NX4m,2024,11월,0
북미-멕시코,HCm,2024,11월,0
동유럽,CV,2024,11월,0
아시아-기타,i10(AI3v 4DR),2024,11월,3
아시아-기타,i10(AI3v 5DR),2024,11월,389
아시아-기타,Accent (HCv),2024,11월,0
아시아-기타,Accent (BN7v),2024,11월,1220
아시아-기타,Elantra (CN7v),2024,11월,66
아시아-기타,Venue (QXv),2024,11월,290
아시아-기타,Creta (SU2v),2024,11월,988
아시아-기타,Tucson (NX4v),2024,11월,1182
아시아-기타,Santa Fe (TMv),2024,11월,0
아시아-기타,Santa Fe HEV (TMv HEV),2024,11월,1
아시아-기타,Palisade (LX2v),2024,11월,76
아시아-기타,Kusto (KUv),2024,11월,88
아시아-기타,IONIQ5 (NEv),2024,11월,0
아시아-기타,Porter (HRv),2024,11월,62
아시아-기타,Mighty (LTv),2024,11월,210
아시아-기타,Mighty (VTv),2024,11월,0
아시아-기타,Mighty (QTv),2024,11월,0
아시아-기타,Mighty (QTc),2024,11월,0
아시아-기타,Santa Fe (MX5v),2024,11월,1053
아시아-기타,IONIQ5 (NE),2024,11월,0
아시아-기타,IONIQ6 (CE),2024,11월,7
아시아-인도, Xcent (AI3 4DR),2025,11월,0
아시아-인도, Grand i10 (AI3 5DR),2025,11월,0
아시아-인도, i20 (BI3 5DR),2025,11월,0
아시아-인도, Verna (Hci),2025,11월,0
아시아-인도, Verna (BN7i),2025,11월,0
아시아-인도,Exter (AI3 SUV),2025,11월,0
아시아-인도, Venue (QXi),2025,11월,0
아시아-인도, Creta (SU2i),2025,11월,0
아시아-인도, Creta (SU2i EV),2025,11월,0
아시아-인도, Creta (SU2i LWB),2025,11월,0
아시아-인도, Kona EV (OSi EV),2025,11월,0
아시아-인도, IONIQ5 (NEi),2025,11월,0
아시아-인도, Tucson (NX4i),2025,11월,0
아시아-중국,i10 (AC3),2025,11월,0
아시아-중국,i20 (BC3),2025,11월,0
아시아-중국,Bayon (BC3 CUV),2025,11월,0
아시아-중국,i20 N (BC3 N),2025,11월,0
아시아-중국, Elantra (CN7c),2025,11월,0
아시아-중국, Sonata (DN8c),2025,11월,0
아시아-중국, Custo (KU),2025,11월,0
아시아-중국, Mufasa (NU2),2025,11월,0
아시아-중국, La festa (SQ),2025,11월,0
아시아-중국, Verna (YC),2025,11월,0
아시아-중국, Celesta (ID),2025,11월,0
아시아-중국, Mistra (DU2),2025,11월,0
아시아-중국, Tucson (NX4c),2025,11월,0
아시아-중국, Tucson HEV (NX4c HEV),2025,11월,0
아시아-중국, ix35 (NU),2025,11월,0
아시아-중국, Santa Fe (MX5c),2025,11월,0
아시아-중국, Santa Fe (TMc),2025,11월,0
북미-미국,Elantra (CN7a),2025,11월,0
북미-미국,Sonata (DN8a),2025,11월,0
북미-미국,Tucson (NX4a),2025,11월,0
북미-미국,Tucson OB (NX4a OB),2025,11월,0
북미-미국,Santa-Fe (TMa),2025,11월,0
북미-미국,Santa-Fe HEV (TMa HEV),2025,11월,0
북미-미국,Santa-Fe (MX5a),2025,11월,0
북미-미국,Santa-Fe (MX5a HEV),2025,11월,0
북미-미국,GV70 (JKa),2025,11월,0
북미-미국,GV70 EV (Jka EV),2025,11월,0
북미-미국,Ioniq5 (NEa),2025,11월,0
중남미,HB20 (BR2),2025,11월,0
중남미,Creta (GSb),2025,11월,0
중남미,Creta (SU2b),2025,11월,0
아시아-기타,Stargazer (KS),2025,11월,0
아시아-기타,Kona EV (SX2id EV) ,2025,11월,0
아시아-기타,IONIQ5 (NEid),2025,11월,0
아시아-기타,IONIQ5 (NEid N),2025,11월,0
아시아-기타,Santa-Fe (TMid),2025,11월,0
아시아-기타,Santa-Fe (MX5id),2025,11월,0
아시아-기타,Santa-Fe (MX5id HEV),2025,11월,0
아시아-기타,Creta (SU2id),2025,11월,0
아시아-중국,HTBC,2025,11월,0
북미-멕시코,NX4m,2025,11월,0
북미-멕시코,HCm,2025,11월,0
아시아-기타,i10(AI3v 4DR),2025,11월,0
아시아-기타,i10(AI3v 5DR),2025,11월,0
아시아-기타,Accent (HCv),2025,11월,0
아시아-기타,Accent (BN7v),2025,11월,0
아시아-기타,Elantra (CN7v),2025,11월,0
아시아-기타,Venue (QXv),2025,11월,0
아시아-기타,Creta (SU2v),2025,11월,0
아시아-기타,Tucson (NX4v),2025,11월,0
아시아-기타,Santa Fe (TMv),2025,11월,0
아시아-기타,Santa Fe HEV (TMv HEV),2025,11월,0
아시아-기타,Palisade (LX2v),2025,11월,0
아시아-기타,Kusto (KUv),2025,11월,0
아시아-기타,IONIQ5 (NEv),2025,11월,0
아시아-기타,Porter (HRv),2025,11월,0
아시아-기타,Mighty (LTv),2025,11월,0
아시아-기타,Mighty (VTv),2025,11월,0
아시아-기타,County (CSv),2025,11월,0
아시아-기타,Solati (Euv),2025,11월,0
아시아-기타,Santa Fe (MX5v),2025,11월,0
아시아-기타,IONIQ5 (NE),2025,11월,0
아시아-기타,IONIQ6 (CE),2025,11월,0
아시아-인도, Santro (AH2),2023,12월,0
아시아-인도, Xcent (BA 4DR),2023,12월,0
아시아-인도, Aura (AI3 4DR),2023,12월,3812
아시아-인도, NIOS (AI3 5DR),2023,12월,5247
아시아-인도, i20 (BI3 5DR),2023,12월,4574
아시아-인도, Verna (Hci),2023,12월,0
아시아-인도, Verna (BN7i),2023,12월,712
아시아-인도,Exter (AI3 SUV),2023,12월,7514
아시아-인도, Venue (QXi),2023,12월,10383
아시아-인도, Creta (SU2i),2023,12월,9243
아시아-인도, Creta (SU2i LWB),2023,12월,954
아시아-인도, Kona EV (OSi EV),2023,12월,19
아시아-인도,IONIQ5 (NEi),2023,12월,81
아시아-인도, Tucson (TLi),2023,12월,0
아시아-인도, Tucson (NX4i),2023,12월,209
아시아-중국,i10 (AC3),2023,12월,359
아시아-중국,i20 (BC3),2023,12월,1915
아시아-중국,Bayon (BC3 CUV),2023,12월,1776
아시아-중국,i20 N (BC3 N),2023,12월,60
아시아-중국, Reina (CB),2023,12월,0
아시아-중국, Verna (YC),2023,12월,1
아시아-중국, Celesta (ID),2023,12월,2
아시아-중국, Elantra (CN7c),2023,12월,14579
아시아-중국, La festa (SQ),2023,12월,23
아시아-중국, La festa EV (SQ EV),2023,12월,0
아시아-중국, Mistra (DU2),2023,12월,1
아시아-중국, Mistra EV (DU2 EV),2023,12월,0
아시아-중국, Sonata (DN8c),2023,12월,174
아시아-중국, Custo (KU),2023,12월,1095
아시아-중국, ix25 (SU2),2023,12월,0
아시아-중국, Tucson (NX4c),2023,12월,7540
아시아-중국, Tucson HEV (NX4c HEV),2023,12월,1
아시아-중국, ix35 (NU),2023,12월,6
아시아-중국, ix35 (NU2),2023,12월,4855
아시아-중국, Santa Fe (TMc),2023,12월,108
북미-미국,Elantra (CN7a),2023,12월,0
북미-미국,Sonata (DN8a),2023,12월,0
북미-미국,Tucson (NX4a),2023,12월,11472
북미-미국,Tucson OB (NX4a OB),2023,12월,3099
북미-미국,Santa-Fe (TMa),2023,12월,9263
북미-미국,Santa-Fe HEV (TMa HEV),2023,12월,2285
북미-미국,GV70 (JKa),2023,12월,840
북미-미국,GV70 EV (Jka EV),2023,12월,213
동유럽,Solaris (HCr),2023,12월,0
동유럽,Creta (SU2r),2023,12월,0
동유럽,Kia Rio(FB),2023,12월,0
중남미,HB20 (BR2),2023,12월,11547
중남미,Creta (GSb),2023,12월,1104
중남미,Creta (SU2b),2023,12월,5663
아시아-기타,Stargazer (KS),2023,12월,877
아시아-기타,IONIQ5 (NE),2023,12월,542
아시아-기타,Santa-Fe (TMid),2023,12월,52
아시아-기타,Creta (SU2id),2023,12월,447
아시아-중국,HTBC,2023,12월,111
동유럽,CV,2023,12월,0
아시아-기타,i10(AI3v 4DR),2023,12월,72
아시아-기타,i10(AI3v 5DR),2023,12월,628
아시아-기타,Accent (HCv),2023,12월,1062
아시아-기타,Elantra (ADv),2023,12월,0
아시아-기타,Elantra (CN7v),2023,12월,45
아시아-기타,Kona (OSv),2023,12월,295
아시아-기타,Creta (SU2v),2023,12월,454
아시아-기타,Tucson (TLv),2023,12월,0
아시아-기타,Tucson (NX4v),2023,12월,391
아시아-기타,Santa Fe (TMv),2023,12월,179
아시아-기타,Santa Fe HEV (TMv HEV),2023,12월,10
아시아-기타,Palisade (LX2v),2023,12월,245
아시아-기타,Kusto (KUv),2023,12월,666
아시아-기타,IONIQ5 (NEv),2023,12월,1
아시아-기타,Porter (HRv),2023,12월,60
아시아-기타,Mighty (LTv),2023,12월,31
아시아-기타,Mighty (VTv),2023,12월,150
아시아-기타,Mighty (QTv),2023,12월,0
아시아-기타,Mighty (QTc),2023,12월,0
아시아-기타,Truck,2023,12월,274
아시아-기타,IONIQ5 (NE),2023,12월,114
아시아-인도, Xcent (AI3 4DR),2024,12월,3852
아시아-인도, Grand i10 (AI3 5DR),2024,12월,4489
아시아-인도, i20 (BI3 5DR),2024,12월,3453
아시아-인도, Verna (Hci),2024,12월,0
아시아-인도, Verna (BN7i),2024,12월,872
아시아-인도,Exter (AI3 SUV),2024,12월,5270
아시아-인도, Venue (QXi),2024,12월,10265
아시아-인도, Creta (SU2i),2024,12월,12608
아시아-인도, Creta (SU2i LWB),2024,12월,1342
아시아-인도, Kona EV (OSi EV),2024,12월,0
아시아-인도, IONIQ5 (NEi),2024,12월,24
아시아-인도, Tucson (NX4i),2024,12월,33
아시아-중국,i10 (AC3),2024,12월,142
아시아-중국,i20 (BC3),2024,12월,3308
아시아-중국,Bayon (BC3 CUV),2024,12월,2686
아시아-중국,i20 N (BC3 N),2024,12월,0
아시아-중국, Elantra (CN7c),2024,12월,3149
아시아-중국, Sonata (DN8c),2024,12월,1248
아시아-중국, Custo (KU),2024,12월,1443
아시아-중국, Mufasa (NU2),2024,12월,1758
아시아-중국, La festa (SQ),2024,12월,0
아시아-중국, Verna (YC),2024,12월,0
아시아-중국, Celesta (ID),2024,12월,0
아시아-중국, Mistra (DU2),2024,12월,0
아시아-중국, Tucson (NX4c),2024,12월,1359
아시아-중국, Tucson HEV (NX4c HEV),2024,12월,14
아시아-중국, ix35 (NU),2024,12월,0
아시아-중국, Santa Fe (MX5c),2024,12월,258
아시아-중국, Santa Fe (TMc),2024,12월,167
북미-미국,Elantra (CN7a),2024,12월,0
북미-미국,Sonata (DN8a),2024,12월,0
북미-미국,Tucson (NX4a),2024,12월,10065
북미-미국,Tucson OB (NX4a OB),2024,12월,1693
북미-미국,Santa-Fe (TMa),2024,12월,0
북미-미국,Santa-Fe HEV (TMa HEV),2024,12월,0
북미-미국,Santa-Fe (MX5a),2024,12월,7784
북미-미국,Santa-Fe (MX5a HEV),2024,12월,3487
북미-미국,GV70 (JKa),2024,12월,1262
북미-미국,GV70 EV (Jka EV),2024,12월,129
북미-미국,Ioniq5 (NEa),2024,12월,1006
동유럽,Solaris (HCr),2024,12월,0
동유럽,Creta (SU2r),2024,12월,0
중남미,HB20 (BR2),2024,12월,9420
중남미,Creta (GSb),2024,12월,16
중남미,Creta (SU2b),2024,12월,6859
아시아-기타,Stargazer (KS),2024,12월,1039
아시아-기타,Kona EV (SX2id EV) ,2024,12월,124
아시아-기타,IONIQ5 (NE),2024,12월,978
아시아-기타,IONIQ5 (NEid N),2024,12월,33
아시아-기타,Santa-Fe (TMid),2024,12월,145
아시아-기타,Santa-Fe (MX5id),2024,12월,3
아시아-기타,Santa-Fe (MX5id HEV),2024,12월,171
아시아-기타,Creta (SU2id),2024,12월,1066
아시아-중국,HTBC,2024,12월,76
북미-멕시코,NX4m,2024,12월,0
북미-멕시코,HCm,2024,12월,0
동유럽,CV,2024,12월,0
아시아-기타,i10(AI3v 4DR),2024,12월,30
아시아-기타,i10(AI3v 5DR),2024,12월,301
아시아-기타,Accent (HCv),2024,12월,0
아시아-기타,Accent (BN7v),2024,12월,615
아시아-기타,Elantra (CN7v),2024,12월,65
아시아-기타,Venue (QXv),2024,12월,287
아시아-기타,Creta (SU2v),2024,12월,444
아시아-기타,Tucson (NX4v),2024,12월,634
아시아-기타,Santa Fe (TMv),2024,12월,0
아시아-기타,Santa Fe HEV (TMv HEV),2024,12월,0
아시아-기타,Palisade (LX2v),2024,12월,74
아시아-기타,Kusto (KUv),2024,12월,7
아시아-기타,IONIQ5 (NEv),2024,12월,0
아시아-기타,Porter (HRv),2024,12월,291
아시아-기타,Mighty (LTv),2024,12월,1
아시아-기타,Mighty (VTv),2024,12월,66
아시아-기타,Mighty (QTv),2024,12월,0
아시아-기타,Mighty (QTc),2024,12월,0
아시아-기타,Santa Fe (MX5v),2024,12월,418
아시아-기타,IONIQ5 (NE),2024,12월,0
아시아-기타,IONIQ6 (CE),2024,12월,12
아시아-인도, Xcent (AI3 4DR),2025,12월,0
아시아-인도, Grand i10 (AI3 5DR),2025,12월,0
아시아-인도, i20 (BI3 5DR),2025,12월,0
아시아-인도, Verna (Hci),2025,12월,0
아시아-인도, Verna (BN7i),2025,12월,0
아시아-인도,Exter (AI3 SUV),2025,12월,0
아시아-인도, Venue (QXi),2025,12월,0
아시아-인도, Creta (SU2i),2025,12월,0
아시아-인도, Creta (SU2i EV),2025,12월,0
아시아-인도, Creta (SU2i LWB),2025,12월,0
아시아-인도, Kona EV (OSi EV),2025,12월,0
아시아-인도, IONIQ5 (NEi),2025,12월,0
아시아-인도, Tucson (NX4i),2025,12월,0
아시아-중국,i10 (AC3),2025,12월,0
아시아-중국,i20 (BC3),2025,12월,0
아시아-중국,Bayon (BC3 CUV),2025,12월,0
아시아-중국,i20 N (BC3 N),2025,12월,0
아시아-중국, Elantra (CN7c),2025,12월,0
아시아-중국, Sonata (DN8c),2025,12월,0
아시아-중국, Custo (KU),2025,12월,0
아시아-중국, Mufasa (NU2),2025,12월,0
아시아-중국, La festa (SQ),2025,12월,0
아시아-중국, Verna (YC),2025,12월,0
아시아-중국, Celesta (ID),2025,12월,0
아시아-중국, Mistra (DU2),2025,12월,0
아시아-중국, Tucson (NX4c),2025,12월,0
아시아-중국, Tucson HEV (NX4c HEV),2025,12월,0
아시아-중국, ix35 (NU),2025,12월,0
아시아-중국, Santa Fe (MX5c),2025,12월,0
아시아-중국, Santa Fe (TMc),2025,12월,0
북미-미국,Elantra (CN7a),2025,12월,0
북미-미국,Sonata (DN8a),2025,12월,0
북미-미국,Tucson (NX4a),2025,12월,0
북미-미국,Tucson OB (NX4a OB),2025,12월,0
북미-미국,Santa-Fe (TMa),2025,12월,0
북미-미국,Santa-Fe HEV (TMa HEV),2025,12월,0
북미-미국,Santa-Fe (MX5a),2025,12월,0
북미-미국,Santa-Fe (MX5a HEV),2025,12월,0
북미-미국,GV70 (JKa),2025,12월,0
북미-미국,GV70 EV (Jka EV),2025,12월,0
북미-미국,Ioniq5 (NEa),2025,12월,0
중남미,HB20 (BR2),2025,12월,0
중남미,Creta (GSb),2025,12월,0
중남미,Creta (SU2b),2025,12월,0
아시아-기타,Stargazer (KS),2025,12월,0
아시아-기타,Kona EV (SX2id EV) ,2025,12월,0
아시아-기타,IONIQ5 (NEid),2025,12월,0
아시아-기타,IONIQ5 (NEid N),2025,12월,0
아시아-기타,Santa-Fe (TMid),2025,12월,0
아시아-기타,Santa-Fe (MX5id),2025,12월,0
아시아-기타,Santa-Fe (MX5id HEV),2025,12월,0
아시아-기타,Creta (SU2id),2025,12월,0
아시아-중국,HTBC,2025,12월,0
북미-멕시코,NX4m,2025,12월,0
북미-멕시코,HCm,2025,12월,0
아시아-기타,i10(AI3v 4DR),2025,12월,0
아시아-기타,i10(AI3v 5DR),2025,12월,0
아시아-기타,Accent (HCv),2025,12월,0
아시아-기타,Accent (BN7v),2025,12월,0
아시아-기타,Elantra (CN7v),2025,12월,0
아시아-기타,Venue (QXv),2025,12월,0
아시아-기타,Creta (SU2v),2025,12월,0
아시아-기타,Tucson (NX4v),2025,12월,0
아시아-기타,Santa Fe (TMv),2025,12월,0
아시아-기타,Santa Fe HEV (TMv HEV),2025,12월,0
아시아-기타,Palisade (LX2v),2025,12월,0
아시아-기타,Kusto (KUv),2025,12월,0
아시아-기타,IONIQ5 (NEv),2025,12월,0
아시아-기타,Porter (HRv),2025,12월,0
아시아-기타,Mighty (LTv),2025,12월,0
아시아-기타,Mighty (VTv),2025,12월,0
아시아-기타,County (CSv),2025,12월,0
아시아-기타,Solati (Euv),2025,12월,0
아시아-기타,Santa Fe (MX5v),2025,12월,0
아시아-기타,IONIQ5 (NE),2025,12월,0
아시아-기타,IONIQ6 (CE),2025,12월,0
